,seq id,alignment start,alignment end,envelope start,envelope end,hmm acc,hmm name,type,hmm start,hmm end,hmm length,bit score,E-value,significance,clan,kingdom
0,A0A2S5Z8C7,23,166,22,167,PF13185.6,GAF_2,Domain,2,137,138,47.1,2.9e-12,1,CL0161,Bacteria Proteobacteria
1,A0A2S5Z8C7,186,293,186,294,PF08448.10,PAS_4,Domain,1,109,110,54.1,1.5e-14,1,CL0183,Bacteria Proteobacteria
2,A0A2S5Z8C7,312,416,310,416,PF13426.7,PAS_9,Domain,3,104,104,84.8,4.3e-24,1,CL0183,Bacteria Proteobacteria
3,A0A2S5Z8C7,428,582,428,583,PF00990.21,GGDEF,Domain,1,160,161,124.7,2.9e-36,1,CL0276,Bacteria Proteobacteria
4,A0A2S5Z8C7,604,838,602,838,PF00563.20,EAL,Domain,3,238,238,240.7,1.5e-71,1,CL0276,Bacteria Proteobacteria
5,A0A256I8X3,18,105,14,116,PF00072.24,Response_reg,Domain,14,102,112,46.4,3.6e-12,1,CL0304,Archaea Euryarchaeota
6,A0A256I8X3,152,256,150,256,PF13426.7,PAS_9,Domain,3,104,104,74.5,6.7e-21,1,CL0183,Archaea Euryarchaeota
7,A0A2S5ZDQ9,10,117,10,124,PF00072.24,Response_reg,Domain,1,105,112,49.1,5.3e-13,1,CL0304,Bacteria Proteobacteria
8,A0A2S5ZDQ9,141,191,141,222,PF00989.25,PAS,Domain,1,50,113,29.8,4.9e-07,1,CL0183,Bacteria Proteobacteria
9,A0A2S5ZDQ9,269,377,268,377,PF13426.7,PAS_9,Domain,2,104,104,80.2,1.1e-22,1,CL0183,Bacteria Proteobacteria
10,A0A2S5ZDQ9,390,546,389,546,PF00990.21,GGDEF,Domain,2,161,161,166.7,3.4e-49,1,CL0276,Bacteria Proteobacteria
11,A0A2S5ZDQ9,566,801,565,801,PF00563.20,EAL,Domain,2,238,238,248.1,8.4e-74,1,CL0276,Bacteria Proteobacteria
12,A0A2S5ZDQ9,833,942,832,943,PF00072.24,Response_reg,Domain,2,111,112,73.2,1.8e-20,1,CL0304,Bacteria Proteobacteria
13,A0A256HJZ8,199,296,198,296,PF13426.7,PAS_9,Domain,2,104,104,33.6,3.6e-08,1,CL0183,Archaea Euryarchaeota
14,A0A256HJZ8,328,421,315,421,PF13426.7,PAS_9,Domain,11,104,104,63.9,1.3e-17,1,CL0183,Archaea Euryarchaeota
15,A0A256HJZ8,569,667,557,668,PF08448.10,PAS_4,Domain,11,109,110,29.4,7.6e-07,1,CL0183,Archaea Euryarchaeota
16,A0A256HJZ8,686,785,682,786,PF13426.7,PAS_9,Domain,6,103,104,19.2,0.0011,1,CL0183,Archaea Euryarchaeota
17,A0A256HJZ8,900,1003,898,1005,PF02518.26,HATPase_c,Domain,3,110,112,40.2,4e-10,1,CL0025,Archaea Euryarchaeota
18,A0A2D1ISA5,21,164,20,166,PF13185.6,GAF_2,Domain,2,136,138,44.1,2.5e-11,1,CL0161,Bacteria Proteobacteria
19,A0A2D1ISA5,189,293,185,293,PF08448.10,PAS_4,Domain,5,110,110,47.8,1.4e-12,1,CL0183,Bacteria Proteobacteria
20,A0A2D1ISA5,311,414,309,414,PF13426.7,PAS_9,Domain,3,104,104,85.2,3.2e-24,1,CL0183,Bacteria Proteobacteria
21,A0A2D1ISA5,427,582,426,583,PF00990.21,GGDEF,Domain,2,160,161,123.1,8.8e-36,1,CL0276,Bacteria Proteobacteria
22,A0A2D1ISA5,605,839,603,839,PF00563.20,EAL,Domain,3,238,238,260.0,1.8e-77,1,CL0276,Bacteria Proteobacteria
23,A0A256H7J7,18,105,14,116,PF00072.24,Response_reg,Domain,14,102,112,56.9,2e-15,1,CL0304,Archaea Euryarchaeota
24,A0A256H7J7,161,256,150,256,PF13426.7,PAS_9,Domain,9,104,104,70.5,1.2e-19,1,CL0183,Archaea Euryarchaeota
25,A0A256H7J7,300,435,299,436,PF13185.6,GAF_2,Domain,2,137,138,38.7,1.1e-09,1,CL0161,Archaea Euryarchaeota
26,A0A256H7J7,447,599,447,600,PF15915.5,BAT,Domain,1,155,156,110.3,7.7e-32,1,No_clan,Archaea Euryarchaeota
27,A0A256H7J7,606,658,606,658,PF04967.12,HTH_10,Domain,1,53,53,73.3,1e-20,1,CL0123,Archaea Euryarchaeota
28,A0A2D5RUA9,507,592,504,600,PF00989.25,PAS,Domain,4,89,113,50.2,2.2e-13,1,CL0183,Bacteria Proteobacteria
29,A0A2D5RUA9,635,738,633,739,PF13426.7,PAS_9,Domain,3,103,104,74.7,5.6e-21,1,CL0183,Bacteria Proteobacteria
30,A0A2D5RUA9,751,905,751,905,PF00990.21,GGDEF,Domain,1,161,161,150.5,3.3e-44,1,CL0276,Bacteria Proteobacteria
31,A0A2D5RUA9,925,1160,924,1160,PF00563.20,EAL,Domain,2,238,238,240.0,2.4e-71,1,CL0276,Bacteria Proteobacteria
32,A0A2D5RUA9,1190,1300,1190,1301,PF00072.24,Response_reg,Domain,1,111,112,71.7,5.2e-20,1,CL0304,Bacteria Proteobacteria
33,A0A259W0K5,23,147,22,166,PF13185.6,GAF_2,Domain,2,118,138,34.1,2.9e-08,1,CL0161,Bacteria Proteobacteria
34,A0A259W0K5,194,299,193,299,PF13426.7,PAS_9,Domain,2,104,104,83.0,1.5e-23,1,CL0183,Bacteria Proteobacteria
35,A0A259W0K5,311,467,311,467,PF00990.21,GGDEF,Domain,1,161,161,138.5,1.6e-40,1,CL0276,Bacteria Proteobacteria
36,A0A259W0K5,488,722,486,722,PF00563.20,EAL,Domain,3,238,238,251.4,7.9e-75,1,CL0276,Bacteria Proteobacteria
37,A0A2I8AC16,345,429,344,430,PF08447.12,PAS_3,Domain,2,88,89,54.7,9.6e-15,1,CL0183,Bacteria Cyanobacteria
38,A0A2I8AC16,455,560,454,560,PF13426.7,PAS_9,Domain,2,104,104,73.3,1.6e-20,1,CL0183,Bacteria Cyanobacteria
39,A0A2I8AC16,580,682,580,682,PF13426.7,PAS_9,Domain,2,104,104,59.1,4.2e-16,1,CL0183,Bacteria Cyanobacteria
40,A0A2I8AC16,703,810,701,810,PF08448.10,PAS_4,Domain,3,110,110,47.2,2.3e-12,1,CL0183,Bacteria Cyanobacteria
41,A0A2I8AC16,844,930,842,931,PF08447.12,PAS_3,Domain,3,88,89,60.7,1.2e-16,1,CL0183,Bacteria Cyanobacteria
42,A0A2I8AC16,968,1109,966,1109,PF01590.26,GAF,Domain,3,133,133,45.2,1.4e-11,1,CL0161,Bacteria Cyanobacteria
43,A0A2I8AC16,1145,1210,1145,1210,PF00512.25,HisKA,Domain,1,67,67,64.3,7.4e-18,1,CL0025,Bacteria Cyanobacteria
44,A0A2I8AC16,1257,1388,1257,1394,PF02518.26,HATPase_c,Domain,1,106,112,95.0,3.8e-27,1,CL0025,Bacteria Cyanobacteria
45,A0A2I8AC16,1416,1526,1415,1528,PF00072.24,Response_reg,Domain,2,110,112,66.0,3e-18,1,CL0304,Bacteria Cyanobacteria
46,A0A2I8AC16,1560,1672,1560,1673,PF00072.24,Response_reg,Domain,1,111,112,90.7,6.6e-26,1,CL0304,Bacteria Cyanobacteria
47,A0A2I8AC16,1727,1806,1727,1815,PF01627.23,Hpt,Family,1,81,85,45.2,8.2e-12,1,No_clan,Bacteria Cyanobacteria
48,A0A2N7CUQ4,422,519,413,519,PF13426.7,PAS_9,Domain,7,104,104,64.0,1.2e-17,1,CL0183,Bacteria Proteobacteria
49,A0A2N7CUQ4,548,601,547,660,PF00989.25,PAS,Domain,2,55,113,25.7,9e-06,1,CL0183,Bacteria Proteobacteria
50,A0A2N7CUQ4,698,797,692,797,PF13426.7,PAS_9,Domain,7,104,104,44.9,1.1e-11,1,CL0183,Bacteria Proteobacteria
51,A0A2N7CUQ4,840,927,839,927,PF08447.12,PAS_3,Domain,2,89,89,57.0,1.8e-15,1,CL0183,Bacteria Proteobacteria
52,A0A2N7CUQ4,953,1018,953,1018,PF00512.25,HisKA,Domain,1,67,67,68.3,4.3e-19,1,CL0025,Bacteria Proteobacteria
53,A0A2N7CUQ4,1066,1178,1065,1180,PF02518.26,HATPase_c,Domain,2,110,112,99.2,1.9e-28,1,CL0025,Bacteria Proteobacteria
54,A0A2N7CUQ4,1335,1449,1335,1450,PF00072.24,Response_reg,Domain,1,111,112,80.1,1.3e-22,1,CL0304,Bacteria Proteobacteria
55,A0A2R6DCX8,11,116,11,122,PF00072.24,Response_reg,Domain,1,105,112,72.4,3.1e-20,1,CL0304,Archaea Euryarchaeota
56,A0A2R6DCX8,150,255,149,255,PF13426.7,PAS_9,Domain,2,104,104,72.0,4.1e-20,1,CL0183,Archaea Euryarchaeota
57,A0A2R6DCX8,272,381,270,381,PF08448.10,PAS_4,Domain,3,110,110,47.5,1.7e-12,1,CL0183,Archaea Euryarchaeota
58,A0A2R6DCX8,404,532,400,532,PF13185.6,GAF_2,Domain,6,138,138,44.3,2e-11,1,CL0161,Archaea Euryarchaeota
59,A0A2R6DCX8,582,741,574,744,PF13185.6,GAF_2,Domain,9,135,138,42.1,1e-10,1,CL0161,Archaea Euryarchaeota
60,A0A256IMZ8,20,157,19,157,PF13492.6,GAF_3,Domain,2,129,129,35.0,1.6e-08,1,CL0161,Archaea Euryarchaeota
61,A0A256IMZ8,187,291,183,291,PF08448.10,PAS_4,Domain,6,110,110,56.6,2.7e-15,1,CL0183,Archaea Euryarchaeota
62,A0A256IMZ8,318,413,307,413,PF13426.7,PAS_9,Domain,9,104,104,75.0,4.8e-21,1,CL0183,Archaea Euryarchaeota
63,A0A256IMZ8,526,627,524,629,PF02518.26,HATPase_c,Domain,4,110,112,57.1,2.3e-15,1,CL0025,Archaea Euryarchaeota
64,A0A2S2DEX3,13,54,9,65,PF13188.7,PAS_8,Domain,15,57,67,12.7,0.096,1,CL0183,Bacteria Proteobacteria
65,A0A2S2DEX3,112,217,108,217,PF00989.25,PAS,Domain,5,113,113,32.4,7.3e-08,1,CL0183,Bacteria Proteobacteria
66,A0A2S2DEX3,239,344,238,344,PF13426.7,PAS_9,Domain,2,104,104,75.4,3.6e-21,1,CL0183,Bacteria Proteobacteria
67,A0A2S2DEX3,357,511,356,512,PF00990.21,GGDEF,Domain,2,159,161,154.4,2.1e-45,1,CL0276,Bacteria Proteobacteria
68,A0A2S2DEX3,534,767,531,767,PF00563.20,EAL,Domain,4,238,238,202.3,8e-60,1,CL0276,Bacteria Proteobacteria
69,A0A2G3PF86,233,337,232,337,PF13426.7,PAS_9,Domain,2,104,104,77.1,1.1e-21,1,CL0183,Bacteria Cyanobacteria
70,A0A2G3PF86,555,647,554,648,PF08447.12,PAS_3,Domain,2,88,89,31.4,1.7e-07,1,CL0183,Bacteria Cyanobacteria
71,A0A2G3PF86,677,780,676,780,PF13426.7,PAS_9,Domain,2,104,104,45.5,6.9e-12,1,CL0183,Bacteria Cyanobacteria
72,A0A2G3PF86,792,949,792,950,PF00990.21,GGDEF,Domain,1,160,161,149.9,4.9e-44,1,CL0276,Bacteria Cyanobacteria
73,A0A2G3PF86,970,1206,969,1206,PF00563.20,EAL,Domain,2,238,238,236.6,2.7e-70,1,CL0276,Bacteria Cyanobacteria
74,A0A2G1WNA9,28,132,28,139,PF00072.24,Response_reg,Domain,1,104,112,74.2,8.9e-21,1,CL0304,Archaea Euryarchaeota
75,A0A2G1WNA9,167,263,166,263,PF13426.7,PAS_9,Domain,2,104,104,44.8,1.2e-11,1,CL0183,Archaea Euryarchaeota
76,A0A2G1WNA9,284,388,282,388,PF13426.7,PAS_9,Domain,3,104,104,75.0,4.8e-21,1,CL0183,Archaea Euryarchaeota
77,A0A2G1WNA9,410,456,402,462,PF00512.25,HisKA,Domain,9,60,67,27.1,3.2e-06,1,CL0025,Archaea Euryarchaeota
78,A0A2G1WNA9,502,599,501,604,PF02518.26,HATPase_c,Domain,2,106,112,54.9,1.1e-14,1,CL0025,Archaea Euryarchaeota
79,A0A2T5SX15,64,257,64,258,PF03924.13,CHASE,Domain,1,187,188,107.2,9.1e-31,1,CL0165,Bacteria Proteobacteria
80,A0A2T5SX15,378,473,368,473,PF13426.7,PAS_9,Domain,9,104,104,71.5,5.6e-20,1,CL0183,Bacteria Proteobacteria
81,A0A2T5SX15,486,642,485,643,PF00990.21,GGDEF,Domain,2,160,161,140.6,3.6e-41,1,CL0276,Bacteria Proteobacteria
82,A0A2T5SX15,663,899,662,899,PF00563.20,EAL,Domain,2,238,238,259.3,3.1e-77,1,CL0276,Bacteria Proteobacteria
83,A0A251X7D9,231,359,229,360,PF13492.6,GAF_3,Domain,3,128,129,28.1,2.1e-06,1,CL0161,Bacteria Proteobacteria
84,A0A251X7D9,459,551,443,551,PF13426.7,PAS_9,Domain,12,104,104,62.2,4.5e-17,1,CL0183,Bacteria Proteobacteria
85,A0A251X7D9,576,675,574,677,PF13426.7,PAS_9,Domain,3,102,104,36.0,6.4e-09,1,CL0183,Bacteria Proteobacteria
86,A0A251X7D9,699,806,697,806,PF08448.10,PAS_4,Domain,4,110,110,37.3,2.6e-09,1,CL0183,Bacteria Proteobacteria
87,A0A251X7D9,831,896,831,897,PF00512.25,HisKA,Domain,1,66,67,69.8,1.4e-19,1,CL0025,Bacteria Proteobacteria
88,A0A251X7D9,953,1062,953,1063,PF02518.26,HATPase_c,Domain,1,111,112,103.4,9.4e-30,1,CL0025,Bacteria Proteobacteria
89,A0A251X7D9,1097,1206,1097,1208,PF00072.24,Response_reg,Domain,1,109,112,65.6,4.1e-18,1,CL0304,Bacteria Proteobacteria
90,A0A2R6JED3,152,254,148,254,PF13426.7,PAS_9,Domain,5,104,104,83.3,1.2e-23,1,CL0183,Archaea Euryarchaeota
91,A0A2R6JED3,268,380,267,380,PF00989.25,PAS,Domain,2,113,113,54.9,7.6e-15,1,CL0183,Archaea Euryarchaeota
92,A0A2R6JED3,402,515,401,517,PF08448.10,PAS_4,Domain,2,108,110,56.8,2.3e-15,1,CL0183,Archaea Euryarchaeota
93,A0A2R6JED3,530,641,529,642,PF08448.10,PAS_4,Domain,2,109,110,29.9,5.1e-07,1,CL0183,Archaea Euryarchaeota
94,A0A2R6JED3,655,764,654,765,PF08448.10,PAS_4,Domain,2,109,110,59.6,3.1e-16,1,CL0183,Archaea Euryarchaeota
95,A0A2R6JED3,872,976,848,977,PF13581.6,HATPase_c_2,Domain,25,124,125,39.0,6.5e-10,1,CL0025,Archaea Euryarchaeota
96,A0A286GIR1,48,81,47,101,PF13188.7,PAS_8,Domain,6,42,67,16.3,0.0075,1,CL0183,Bacteria Actinobacteria
97,A0A286GIR1,209,305,199,305,PF13426.7,PAS_9,Domain,8,104,104,80.6,8.5e-23,1,CL0183,Bacteria Actinobacteria
98,A0A286GIR1,369,520,368,520,PF13185.6,GAF_2,Domain,2,138,138,41.4,1.6e-10,1,CL0161,Bacteria Actinobacteria
99,A0A286GIR1,575,766,575,767,PF07228.12,SpoIIE,Family,1,192,193,133.3,9.9e-39,1,CL0238,Bacteria Actinobacteria
100,A0A271J9G9,40,111,38,116,PF08447.12,PAS_3,Domain,3,79,89,34.9,1.4e-08,1,CL0183,Bacteria Rhodothermaeota
101,A0A271J9G9,167,269,155,269,PF13426.7,PAS_9,Domain,11,104,104,56.8,2.2e-15,1,CL0183,Bacteria Rhodothermaeota
102,A0A271J9G9,431,531,424,531,PF13426.7,PAS_9,Domain,4,104,104,63.0,2.5e-17,1,CL0183,Bacteria Rhodothermaeota
103,A0A271J9G9,546,609,546,613,PF07730.13,HisKA_3,Domain,1,63,68,43.2,4.3e-11,1,CL0025,Bacteria Rhodothermaeota
104,A0A271J9G9,655,743,652,746,PF02518.26,HATPase_c,Domain,4,109,112,43.2,4.6e-11,1,CL0025,Bacteria Rhodothermaeota
105,A0A2A9FRX6,36,163,20,163,PF13185.6,GAF_2,Domain,18,138,138,29.2,9.2e-07,1,CL0161,Bacteria Proteobacteria
106,A0A2A9FRX6,183,289,182,290,PF08448.10,PAS_4,Domain,2,109,110,38.6,1e-09,1,CL0183,Bacteria Proteobacteria
107,A0A2A9FRX6,306,411,306,412,PF13426.7,PAS_9,Domain,1,103,104,65.0,6.2e-18,1,CL0183,Bacteria Proteobacteria
108,A0A2A9FRX6,424,580,424,581,PF00990.21,GGDEF,Domain,1,160,161,124.8,2.7e-36,1,CL0276,Bacteria Proteobacteria
109,A0A2A9FRX6,601,836,600,836,PF00563.20,EAL,Domain,2,238,238,244.7,8.9e-73,1,CL0276,Bacteria Proteobacteria
110,A0A241VFX1,21,163,20,166,PF13185.6,GAF_2,Domain,2,135,138,38.2,1.6e-09,1,CL0161,Bacteria Proteobacteria
111,A0A241VFX1,189,293,185,293,PF08448.10,PAS_4,Domain,5,110,110,42.0,9.3e-11,1,CL0183,Bacteria Proteobacteria
112,A0A241VFX1,309,414,309,414,PF13426.7,PAS_9,Domain,1,104,104,83.6,9.6e-24,1,CL0183,Bacteria Proteobacteria
113,A0A241VFX1,427,582,426,583,PF00990.21,GGDEF,Domain,2,160,161,134.4,3e-39,1,CL0276,Bacteria Proteobacteria
114,A0A241VFX1,605,839,603,839,PF00563.20,EAL,Domain,3,238,238,259.6,2.5e-77,1,CL0276,Bacteria Proteobacteria
115,A0A2T1DAT1,139,274,137,275,PF01590.26,GAF,Domain,3,132,133,26.7,7.2e-06,1,CL0161,Bacteria Cyanobacteria
116,A0A2T1DAT1,305,408,302,408,PF13426.7,PAS_9,Domain,4,104,104,63.9,1.3e-17,1,CL0183,Bacteria Cyanobacteria
117,A0A2T1DAT1,447,531,446,532,PF08447.12,PAS_3,Domain,3,88,89,67.6,8.8e-19,1,CL0183,Bacteria Cyanobacteria
118,A0A2T1DAT1,558,633,558,633,PF07568.12,HisKA_2,Domain,1,76,76,109.2,7.5e-32,1,CL0025,Bacteria Cyanobacteria
119,A0A2T1DAT1,662,748,656,752,PF02518.26,HATPase_c,Domain,9,108,112,27.9,2.6e-06,1,CL0025,Bacteria Cyanobacteria
120,A0A256HT10,199,296,198,296,PF13426.7,PAS_9,Domain,2,104,104,33.6,3.6e-08,1,CL0183,Archaea Euryarchaeota
121,A0A256HT10,328,421,315,421,PF13426.7,PAS_9,Domain,11,104,104,63.9,1.3e-17,1,CL0183,Archaea Euryarchaeota
122,A0A256HT10,569,667,557,668,PF08448.10,PAS_4,Domain,11,109,110,29.4,7.6e-07,1,CL0183,Archaea Euryarchaeota
123,A0A256HT10,686,785,682,786,PF13426.7,PAS_9,Domain,6,103,104,17.7,0.0032,1,CL0183,Archaea Euryarchaeota
124,A0A256HT10,900,1003,898,1005,PF02518.26,HATPase_c,Domain,3,110,112,40.2,4e-10,1,CL0025,Archaea Euryarchaeota
125,A0A2E4U0F6,488,595,488,596,PF08448.10,PAS_4,Domain,1,109,110,36.2,5.8e-09,1,CL0183,Bacteria Proteobacteria
126,A0A2E4U0F6,614,718,612,718,PF13426.7,PAS_9,Domain,3,104,104,84.4,5.6e-24,1,CL0183,Bacteria Proteobacteria
127,A0A2E4U0F6,730,886,730,887,PF00990.21,GGDEF,Domain,1,160,161,172.6,5.3e-51,1,CL0276,Bacteria Proteobacteria
128,A0A2E4U0F6,908,1141,906,1141,PF00563.20,EAL,Domain,3,238,238,236.9,2.2e-70,1,CL0276,Bacteria Proteobacteria
129,A0A2T2V3W5,111,243,110,246,PF01590.26,GAF,Domain,2,130,133,49.8,5.2e-13,1,CL0161,Bacteria Bacteroidetes
130,A0A2T2V3W5,271,412,267,415,PF01590.26,GAF,Domain,6,130,133,34.9,2.1e-08,1,CL0161,Bacteria Bacteroidetes
131,A0A2T2V3W5,435,535,435,536,PF08448.10,PAS_4,Domain,1,109,110,46.5,3.5e-12,1,CL0183,Bacteria Bacteroidetes
132,A0A2T2V3W5,572,641,568,646,PF08447.12,PAS_3,Domain,5,75,89,47.2,2e-12,1,CL0183,Bacteria Bacteroidetes
133,A0A2T2V3W5,678,786,678,786,PF08448.10,PAS_4,Domain,1,110,110,60.4,1.7e-16,1,CL0183,Bacteria Bacteroidetes
134,A0A2T2V3W5,813,910,803,910,PF13426.7,PAS_9,Domain,7,104,104,56.4,2.9e-15,1,CL0183,Bacteria Bacteroidetes
135,A0A2T2V3W5,925,1035,923,1035,PF00989.25,PAS,Domain,3,113,113,54.1,1.4e-14,1,CL0183,Bacteria Bacteroidetes
136,A0A2T2V3W5,1058,1123,1057,1123,PF00512.25,HisKA,Domain,2,67,67,55.1,5.7e-15,1,CL0025,Bacteria Bacteroidetes
137,A0A2T2V3W5,1178,1287,1176,1290,PF02518.26,HATPase_c,Domain,4,109,112,79.4,2.6e-22,1,CL0025,Bacteria Bacteroidetes
138,A0A2T2V3W5,1330,1454,1330,1456,PF00072.24,Response_reg,Domain,1,110,112,57.5,1.3e-15,1,CL0304,Bacteria Bacteroidetes
139,A0A256IB30,18,105,14,116,PF00072.24,Response_reg,Domain,14,102,112,56.9,2e-15,1,CL0304,Archaea Euryarchaeota
140,A0A256IB30,161,256,150,256,PF13426.7,PAS_9,Domain,9,104,104,70.5,1.2e-19,1,CL0183,Archaea Euryarchaeota
141,A0A256IB30,300,435,299,436,PF13185.6,GAF_2,Domain,2,137,138,38.7,1.1e-09,1,CL0161,Archaea Euryarchaeota
142,A0A256IB30,447,599,447,600,PF15915.5,BAT,Domain,1,155,156,110.3,7.7e-32,1,No_clan,Archaea Euryarchaeota
143,A0A256IB30,606,658,606,658,PF04967.12,HTH_10,Domain,1,53,53,73.3,1e-20,1,CL0123,Archaea Euryarchaeota
144,A0A2G1ULH4,10,111,10,123,PF00072.24,Response_reg,Domain,1,100,112,46.9,2.5e-12,1,CL0304,Bacteria Proteobacteria
145,A0A2G1ULH4,142,192,141,208,PF13188.7,PAS_8,Domain,2,50,67,32.4,6.7e-08,1,CL0183,Bacteria Proteobacteria
146,A0A2G1ULH4,268,376,267,376,PF13426.7,PAS_9,Domain,2,104,104,74.7,6e-21,1,CL0183,Bacteria Proteobacteria
147,A0A2G1ULH4,389,545,388,545,PF00990.21,GGDEF,Domain,2,161,161,164.4,1.7e-48,1,CL0276,Bacteria Proteobacteria
148,A0A2G1ULH4,565,800,564,800,PF00563.20,EAL,Domain,2,238,238,250.2,1.9e-74,1,CL0276,Bacteria Proteobacteria
149,A0A2G1ULH4,834,943,833,944,PF00072.24,Response_reg,Domain,2,111,112,74.5,7e-21,1,CL0304,Bacteria Proteobacteria
150,A0A2T5Y191,19,123,17,123,PF13426.7,PAS_9,Domain,3,104,104,83.6,9.8e-24,1,CL0183,Bacteria Bacteroidetes
151,A0A2T5Y191,165,271,161,272,PF08448.10,PAS_4,Domain,6,109,110,32.5,8.1e-08,1,CL0183,Bacteria Bacteroidetes
152,A0A2T5Y191,277,344,276,344,PF00512.25,HisKA,Domain,2,67,67,43.0,3.6e-11,1,CL0025,Bacteria Bacteroidetes
153,A0A2T5Y191,387,495,387,498,PF02518.26,HATPase_c,Domain,1,109,112,79.4,2.6e-22,1,CL0025,Bacteria Bacteroidetes
154,A0A256H8K6,16,111,5,111,PF13426.7,PAS_9,Domain,9,104,104,80.3,1.1e-22,1,CL0183,Archaea Euryarchaeota
155,A0A2D4YBV9,18,121,17,122,PF13426.7,PAS_9,Domain,2,103,104,41.5,1.2e-10,1,CL0183,Bacteria Bacteroidetes
156,A0A2D4YBV9,142,247,141,247,PF13426.7,PAS_9,Domain,2,104,104,78.3,4.3e-22,1,CL0183,Bacteria Bacteroidetes
157,A0A2D4YBV9,269,370,267,370,PF13426.7,PAS_9,Domain,3,104,104,36.6,4.1e-09,1,CL0183,Bacteria Bacteroidetes
158,A0A2D4YBV9,403,470,402,470,PF00512.25,HisKA,Domain,2,67,67,45.1,7.6e-12,1,CL0025,Bacteria Bacteroidetes
159,A0A2D4YBV9,516,623,515,625,PF02518.26,HATPase_c,Domain,2,110,112,90.3,1.1e-25,1,CL0025,Bacteria Bacteroidetes
160,A0A2R6DPF0,46,151,45,151,PF13426.7,PAS_9,Domain,2,104,104,71.8,4.5e-20,1,CL0183,Archaea Euryarchaeota
161,A0A2R6DPF0,168,277,166,277,PF08448.10,PAS_4,Domain,3,110,110,47.3,2e-12,1,CL0183,Archaea Euryarchaeota
162,A0A2R6DPF0,300,428,296,428,PF13185.6,GAF_2,Domain,6,138,138,44.4,1.9e-11,1,CL0161,Archaea Euryarchaeota
163,A0A2R6DPF0,478,637,470,640,PF13185.6,GAF_2,Domain,9,135,138,41.3,1.7e-10,1,CL0161,Archaea Euryarchaeota
164,A0A2R6DPF0,655,800,653,808,PF15915.5,BAT,Domain,3,146,156,79.7,2e-22,1,No_clan,Archaea Euryarchaeota
165,A0A2R6DPF0,815,866,815,867,PF04967.12,HTH_10,Domain,1,52,53,61.1,6.6e-17,1,CL0123,Archaea Euryarchaeota
166,A0A2S5T5T9,28,154,27,155,PF01590.26,GAF,Domain,2,129,133,31.4,2.5e-07,1,CL0161,Bacteria Proteobacteria
167,A0A2S5T5T9,182,289,179,291,PF08448.10,PAS_4,Domain,5,108,110,32.0,1.2e-07,1,CL0183,Bacteria Proteobacteria
168,A0A2S5T5T9,318,423,318,424,PF08448.10,PAS_4,Domain,1,109,110,65.8,3.5e-18,1,CL0183,Bacteria Proteobacteria
169,A0A2S5T5T9,450,547,443,547,PF13426.7,PAS_9,Domain,7,104,104,83.4,1.2e-23,1,CL0183,Bacteria Proteobacteria
170,A0A2S5T5T9,571,677,570,677,PF13426.7,PAS_9,Domain,2,104,104,35.7,7.7e-09,1,CL0183,Bacteria Proteobacteria
171,A0A2S5T5T9,713,801,712,802,PF08447.12,PAS_3,Domain,2,88,89,83.4,1e-23,1,CL0183,Bacteria Proteobacteria
172,A0A2S5T5T9,827,897,827,897,PF00512.25,HisKA,Domain,1,67,67,54.8,7.1e-15,1,CL0025,Bacteria Proteobacteria
173,A0A2S5T5T9,943,1052,942,1054,PF02518.26,HATPase_c,Domain,2,110,112,84.0,1e-23,1,CL0025,Bacteria Proteobacteria
174,A0A2S5T5T9,1082,1193,1081,1194,PF00072.24,Response_reg,Domain,2,111,112,65.9,3.4e-18,1,CL0304,Bacteria Proteobacteria
175,A0A2R6L2A8,12,166,8,166,PF01590.26,GAF,Domain,8,133,133,31.6,2.2e-07,1,CL0161,Archaea Euryarchaeota
176,A0A2R6L2A8,190,297,190,297,PF13426.7,PAS_9,Domain,1,104,104,45.1,9.3e-12,1,CL0183,Archaea Euryarchaeota
177,A0A2R6L2A8,333,416,332,418,PF08447.12,PAS_3,Domain,2,87,89,58.2,7.2e-16,1,CL0183,Archaea Euryarchaeota
178,A0A2R6L2A8,444,547,442,548,PF13426.7,PAS_9,Domain,3,103,104,70.3,1.4e-19,1,CL0183,Archaea Euryarchaeota
179,A0A2R6L2A8,662,760,660,762,PF02518.26,HATPase_c,Domain,4,109,112,51.4,1.3e-13,1,CL0025,Archaea Euryarchaeota
180,A0A2R6F643,11,116,11,122,PF00072.24,Response_reg,Domain,1,105,112,72.4,3.2e-20,1,CL0304,Archaea Euryarchaeota
181,A0A2R6F643,150,255,149,255,PF13426.7,PAS_9,Domain,2,104,104,70.2,1.5e-19,1,CL0183,Archaea Euryarchaeota
182,A0A2R6F643,272,381,270,381,PF08448.10,PAS_4,Domain,3,110,110,47.4,2e-12,1,CL0183,Archaea Euryarchaeota
183,A0A2R6F643,404,532,400,532,PF13185.6,GAF_2,Domain,6,138,138,44.2,2.3e-11,1,CL0161,Archaea Euryarchaeota
184,A0A2R6F643,582,741,574,744,PF13185.6,GAF_2,Domain,9,135,138,42.0,1.1e-10,1,CL0161,Archaea Euryarchaeota
185,A0A2R6F643,759,904,757,912,PF15915.5,BAT,Domain,3,146,156,79.5,2.4e-22,1,No_clan,Archaea Euryarchaeota
186,A0A2R6F643,919,970,919,971,PF04967.12,HTH_10,Domain,1,52,53,60.9,7.5e-17,1,CL0123,Archaea Euryarchaeota
187,A0A256HHV3,175,267,175,278,PF08448.10,PAS_4,Domain,1,94,110,34.2,2.4e-08,1,CL0183,Archaea Euryarchaeota
188,A0A256HHV3,312,449,311,449,PF13492.6,GAF_3,Domain,2,129,129,36.4,5.6e-09,1,CL0161,Archaea Euryarchaeota
189,A0A256HHV3,457,566,457,566,PF00989.25,PAS,Domain,1,113,113,46.7,2.7e-12,1,CL0183,Archaea Euryarchaeota
190,A0A256HHV3,588,685,587,685,PF13426.7,PAS_9,Domain,2,104,104,28.7,1.2e-06,1,CL0183,Archaea Euryarchaeota
191,A0A256HHV3,715,810,704,810,PF13426.7,PAS_9,Domain,9,104,104,75.6,3.1e-21,1,CL0183,Archaea Euryarchaeota
192,A0A256HHV3,1017,1099,1016,1100,PF08447.12,PAS_3,Domain,2,88,89,56.7,2.2e-15,1,CL0183,Archaea Euryarchaeota
193,A0A256HHV3,1255,1354,1242,1355,PF00989.25,PAS,Domain,13,112,113,50.1,2.3e-13,1,CL0183,Archaea Euryarchaeota
194,A0A256HHV3,1364,1421,1363,1469,PF00989.25,PAS,Domain,2,59,113,39.3,5.2e-10,1,CL0183,Archaea Euryarchaeota
195,A0A256HHV3,1492,1599,1488,1600,PF08448.10,PAS_4,Domain,5,109,110,40.2,3.2e-10,1,CL0183,Archaea Euryarchaeota
196,A0A256HHV3,1712,1813,1710,1815,PF02518.26,HATPase_c,Domain,3,110,112,52.2,7.3e-14,1,CL0025,Archaea Euryarchaeota
197,A0A2T0V2N9,492,636,491,636,PF13185.6,GAF_2,Domain,2,138,138,57.4,1.9e-15,1,CL0161,Bacteria Proteobacteria
198,A0A2T0V2N9,655,762,655,763,PF08448.10,PAS_4,Domain,1,109,110,28.9,1.1e-06,1,CL0183,Bacteria Proteobacteria
199,A0A2T0V2N9,780,885,779,885,PF13426.7,PAS_9,Domain,2,104,104,86.6,1.1e-24,1,CL0183,Bacteria Proteobacteria
200,A0A2T0V2N9,897,1053,897,1054,PF00990.21,GGDEF,Domain,1,160,161,168.9,7.1e-50,1,CL0276,Bacteria Proteobacteria
201,A0A2T0V2N9,1074,1308,1073,1308,PF00563.20,EAL,Domain,2,238,238,248.2,7.8e-74,1,CL0276,Bacteria Proteobacteria
202,A0A2T5P9D1,543,608,541,617,PF08447.12,PAS_3,Domain,3,70,89,36.3,5e-09,1,CL0183,Bacteria Proteobacteria
203,A0A2T5P9D1,650,794,649,794,PF13185.6,GAF_2,Domain,2,138,138,54.8,1.2e-14,1,CL0161,Bacteria Proteobacteria
204,A0A2T5P9D1,814,921,813,921,PF08448.10,PAS_4,Domain,2,110,110,62.0,5.5e-17,1,CL0183,Bacteria Proteobacteria
205,A0A2T5P9D1,939,1035,937,1035,PF13426.7,PAS_9,Domain,3,104,104,36.8,3.7e-09,1,CL0183,Bacteria Proteobacteria
206,A0A2T5P9D1,1181,1282,1181,1282,PF08448.10,PAS_4,Domain,1,110,110,46.1,4.8e-12,1,CL0183,Bacteria Proteobacteria
207,A0A2T5P9D1,1292,1336,1292,1357,PF13188.7,PAS_8,Domain,1,47,67,26.1,6.1e-06,1,CL0183,Bacteria Proteobacteria
208,A0A2T5P9D1,1401,1505,1399,1505,PF13426.7,PAS_9,Domain,3,104,104,74.2,8.6e-21,1,CL0183,Bacteria Proteobacteria
209,A0A2T5P9D1,1517,1674,1517,1674,PF00990.21,GGDEF,Domain,1,161,161,164.9,1.2e-48,1,CL0276,Bacteria Proteobacteria
210,A0A2T5P9D1,1694,1929,1693,1929,PF00563.20,EAL,Domain,2,238,238,258.1,7.1e-77,1,CL0276,Bacteria Proteobacteria
211,A0A2N5KT77,104,210,104,210,PF13426.7,PAS_9,Domain,1,104,104,77.8,6.1e-22,1,CL0183,Bacteria Actinobacteria
212,A0A2N5KT77,224,335,223,335,PF00989.25,PAS,Domain,2,113,113,48.1,1e-12,1,CL0183,Bacteria Actinobacteria
213,A0A2N5KT77,369,511,365,511,PF13185.6,GAF_2,Domain,5,138,138,55.3,8e-15,1,CL0161,Bacteria Actinobacteria
214,A0A2N5KT77,524,634,524,635,PF00989.25,PAS,Domain,1,112,113,48.9,5.5e-13,1,CL0183,Bacteria Actinobacteria
215,A0A2N5KT77,652,713,652,717,PF07730.13,HisKA_3,Domain,1,64,68,29.0,1.2e-06,1,CL0025,Bacteria Actinobacteria
216,A0A2N5KT77,762,847,758,849,PF02518.26,HATPase_c,Domain,5,110,112,30.1,5.5e-07,1,CL0025,Bacteria Actinobacteria
217,A0A2N5KT77,859,970,859,971,PF00072.24,Response_reg,Domain,1,111,112,66.3,2.4e-18,1,CL0304,Bacteria Actinobacteria
218,A0A2N5KT77,1008,1063,1007,1063,PF00196.19,GerE,Domain,2,57,57,61.9,3.1e-17,1,CL0123,Bacteria Actinobacteria
219,A0A2D8IQ53,23,164,21,166,PF13185.6,GAF_2,Domain,3,136,138,38.4,1.4e-09,1,CL0161,Bacteria Proteobacteria
220,A0A2D8IQ53,185,292,185,293,PF08448.10,PAS_4,Domain,1,109,110,43.8,2.6e-11,1,CL0183,Bacteria Proteobacteria
221,A0A2D8IQ53,311,414,309,415,PF13426.7,PAS_9,Domain,3,103,104,76.2,1.9e-21,1,CL0183,Bacteria Proteobacteria
222,A0A2D8IQ53,427,584,427,584,PF00990.21,GGDEF,Domain,1,161,161,129.0,1.3e-37,1,CL0276,Bacteria Proteobacteria
223,A0A2D8IQ53,605,839,603,839,PF00563.20,EAL,Domain,3,238,238,246.8,2.1e-73,1,CL0276,Bacteria Proteobacteria
224,A0A2E3R004,40,111,38,116,PF08447.12,PAS_3,Domain,3,79,89,36.0,6.1e-09,1,CL0183,Bacteria Bacteroidetes
225,A0A2E3R004,167,269,155,269,PF13426.7,PAS_9,Domain,11,104,104,57.5,1.4e-15,1,CL0183,Bacteria Bacteroidetes
226,A0A2E3R004,431,531,424,531,PF13426.7,PAS_9,Domain,4,104,104,63.0,2.5e-17,1,CL0183,Bacteria Bacteroidetes
227,A0A2E3R004,546,609,546,613,PF07730.13,HisKA_3,Domain,1,63,68,43.2,4.3e-11,1,CL0025,Bacteria Bacteroidetes
228,A0A2E3R004,655,743,652,746,PF02518.26,HATPase_c,Domain,4,109,112,43.2,4.6e-11,1,CL0025,Bacteria Bacteroidetes
229,A0A256HHY4,199,296,198,296,PF13426.7,PAS_9,Domain,2,104,104,33.6,3.6e-08,1,CL0183,Archaea Euryarchaeota
230,A0A256HHY4,328,421,315,421,PF13426.7,PAS_9,Domain,11,104,104,63.9,1.3e-17,1,CL0183,Archaea Euryarchaeota
231,A0A256HHY4,569,667,557,668,PF08448.10,PAS_4,Domain,11,109,110,29.4,7.6e-07,1,CL0183,Archaea Euryarchaeota
232,A0A256HHY4,686,785,682,786,PF13426.7,PAS_9,Domain,6,103,104,17.1,0.0048,1,CL0183,Archaea Euryarchaeota
233,A0A256HHY4,900,1003,898,1005,PF02518.26,HATPase_c,Domain,3,110,112,39.7,5.7e-10,1,CL0025,Archaea Euryarchaeota
234,A0A2E6VBV1,12,120,8,120,PF00989.25,PAS,Domain,6,113,113,47.0,2.2e-12,1,CL0183,Bacteria Bacteroidetes
235,A0A2E6VBV1,142,247,141,247,PF13426.7,PAS_9,Domain,2,104,104,73.4,1.5e-20,1,CL0183,Bacteria Bacteroidetes
236,A0A2E6VBV1,269,370,267,370,PF13426.7,PAS_9,Domain,3,104,104,33.0,5.5e-08,1,CL0183,Bacteria Bacteroidetes
237,A0A2E6VBV1,403,470,402,470,PF00512.25,HisKA,Domain,2,67,67,44.7,1e-11,1,CL0025,Bacteria Bacteroidetes
238,A0A2E6VBV1,516,623,515,625,PF02518.26,HATPase_c,Domain,2,110,112,87.1,1.1e-24,1,CL0025,Bacteria Bacteroidetes
239,A0A241V6D2,25,163,20,166,PF13185.6,GAF_2,Domain,6,135,138,36.4,5.7e-09,1,CL0161,Bacteria Proteobacteria
240,A0A241V6D2,189,293,185,293,PF08448.10,PAS_4,Domain,5,110,110,45.1,1e-11,1,CL0183,Bacteria Proteobacteria
241,A0A241V6D2,309,414,309,414,PF13426.7,PAS_9,Domain,1,104,104,82.2,2.6e-23,1,CL0183,Bacteria Proteobacteria
242,A0A241V6D2,427,582,426,583,PF00990.21,GGDEF,Domain,2,160,161,122.9,9.9e-36,1,CL0276,Bacteria Proteobacteria
243,A0A241V6D2,605,839,603,839,PF00563.20,EAL,Domain,3,238,238,255.6,4.2e-76,1,CL0276,Bacteria Proteobacteria
244,A0A2R6CYJ7,149,254,148,254,PF13426.7,PAS_9,Domain,2,104,104,93.0,1.2e-26,1,CL0183,Archaea Euryarchaeota
245,A0A2R6CYJ7,352,465,352,467,PF08448.10,PAS_4,Domain,1,108,110,58.8,5.5e-16,1,CL0183,Archaea Euryarchaeota
246,A0A2R6CYJ7,473,519,473,528,PF00989.25,PAS,Domain,1,47,113,35.2,1e-08,1,CL0183,Archaea Euryarchaeota
247,A0A2T1DXD6,79,195,78,195,PF00989.25,PAS,Domain,2,113,113,30.0,4.1e-07,1,CL0183,Bacteria Cyanobacteria
248,A0A2T1DXD6,220,322,216,322,PF13426.7,PAS_9,Domain,5,104,104,87.4,6.4e-25,1,CL0183,Bacteria Cyanobacteria
249,A0A2T1DXD6,366,461,366,463,PF00512.25,HisKA,Domain,1,65,67,46.2,3.4e-12,1,CL0025,Bacteria Cyanobacteria
250,A0A2T1DXD6,513,628,509,630,PF02518.26,HATPase_c,Domain,6,110,112,72.7,3.2e-20,1,CL0025,Bacteria Cyanobacteria
251,A0A2K8URL6,24,166,20,166,PF13185.6,GAF_2,Domain,5,138,138,37.9,1.9e-09,1,CL0161,Bacteria Proteobacteria
252,A0A2K8URL6,189,289,189,290,PF13426.7,PAS_9,Domain,1,103,104,32.4,8.4e-08,1,CL0183,Bacteria Proteobacteria
253,A0A2K8URL6,310,414,309,414,PF13426.7,PAS_9,Domain,2,104,104,76.4,1.7e-21,1,CL0183,Bacteria Proteobacteria
254,A0A2K8URL6,427,582,426,583,PF00990.21,GGDEF,Domain,2,160,161,132.8,9.3e-39,1,CL0276,Bacteria Proteobacteria
255,A0A2K8URL6,606,840,604,840,PF00563.20,EAL,Domain,3,238,238,244.9,7.9e-73,1,CL0276,Bacteria Proteobacteria
256,A0A238W3F5,18,104,13,116,PF00072.24,Response_reg,Domain,14,101,112,45.1,9.4e-12,1,CL0304,Archaea Euryarchaeota
257,A0A238W3F5,160,255,149,255,PF13426.7,PAS_9,Domain,9,104,104,70.7,1e-19,1,CL0183,Archaea Euryarchaeota
258,A0A238W3F5,299,434,298,435,PF13185.6,GAF_2,Domain,2,137,138,32.1,1.2e-07,1,CL0161,Archaea Euryarchaeota
259,A0A238W3F5,446,598,446,599,PF15915.5,BAT,Domain,1,155,156,109.9,1.1e-31,1,No_clan,Archaea Euryarchaeota
260,A0A238W3F5,605,657,605,657,PF04967.12,HTH_10,Domain,1,53,53,70.6,7.1e-20,1,CL0123,Archaea Euryarchaeota
261,A0A2T1DXF5,20,125,19,125,PF13426.7,PAS_9,Domain,2,104,104,84.2,6.4e-24,1,CL0183,Bacteria Cyanobacteria
262,A0A2T1DXF5,148,248,148,248,PF13426.7,PAS_9,Domain,1,104,104,42.6,5.7e-11,1,CL0183,Bacteria Cyanobacteria
263,A0A2T1DXF5,419,492,418,505,PF08447.12,PAS_3,Domain,2,75,89,40.6,2.3e-10,1,CL0183,Bacteria Cyanobacteria
264,A0A2T1DXF5,555,665,554,667,PF08448.10,PAS_4,Domain,2,108,110,42.8,5.2e-11,1,CL0183,Bacteria Cyanobacteria
265,A0A2T1DXF5,701,785,700,787,PF08447.12,PAS_3,Domain,2,87,89,48.5,8.1e-13,1,CL0183,Bacteria Cyanobacteria
266,A0A2T1DXF5,837,932,836,933,PF00512.25,HisKA,Domain,2,66,67,40.1,2.7e-10,1,CL0025,Bacteria Cyanobacteria
267,A0A2T1DXF5,982,1102,980,1104,PF02518.26,HATPase_c,Domain,5,110,112,74.4,9.5e-21,1,CL0025,Bacteria Cyanobacteria
268,A0A2R4CG39,56,255,55,255,PF03924.13,CHASE,Domain,2,188,188,112.1,3e-32,1,CL0165,Bacteria Proteobacteria
269,A0A2R4CG39,370,473,368,473,PF13426.7,PAS_9,Domain,3,104,104,69.6,2.3e-19,1,CL0183,Bacteria Proteobacteria
270,A0A2R4CG39,485,641,485,643,PF00990.21,GGDEF,Domain,1,159,161,142.4,1e-41,1,CL0276,Bacteria Proteobacteria
271,A0A2R4CG39,663,898,662,898,PF00563.20,EAL,Domain,2,238,238,264.8,6.7e-79,1,CL0276,Bacteria Proteobacteria
272,A0A256I1W5,18,105,14,116,PF00072.24,Response_reg,Domain,14,102,112,56.9,2e-15,1,CL0304,Archaea Euryarchaeota
273,A0A256I1W5,161,256,150,256,PF13426.7,PAS_9,Domain,9,104,104,70.5,1.2e-19,1,CL0183,Archaea Euryarchaeota
274,A0A256I1W5,300,435,299,436,PF13185.6,GAF_2,Domain,2,137,138,38.7,1.1e-09,1,CL0161,Archaea Euryarchaeota
275,A0A256I1W5,447,599,447,600,PF15915.5,BAT,Domain,1,155,156,110.3,7.7e-32,1,No_clan,Archaea Euryarchaeota
276,A0A256I1W5,606,658,606,658,PF04967.12,HTH_10,Domain,1,53,53,73.3,1e-20,1,CL0123,Archaea Euryarchaeota
277,A0A2E2AWJ8,271,366,263,366,PF13426.7,PAS_9,Domain,9,104,104,33.8,3.1e-08,1,CL0183,Bacteria Planctomycetes
278,A0A2E2AWJ8,386,491,385,491,PF13426.7,PAS_9,Domain,2,104,104,76.5,1.6e-21,1,CL0183,Bacteria Planctomycetes
279,A0A2E2AWJ8,505,584,505,585,PF07536.14,HWE_HK,Domain,1,82,83,74.4,8.9e-21,1,CL0025,Bacteria Planctomycetes
280,A0A2T1G5S3,42,147,41,147,PF13426.7,PAS_9,Domain,2,104,104,82.9,1.6e-23,1,CL0183,Bacteria Cyanobacteria
281,A0A2T1G5S3,160,266,160,271,PF00989.25,PAS,Domain,1,108,113,38.5,9.3e-10,1,CL0183,Bacteria Cyanobacteria
282,A0A2T1G5S3,293,407,292,408,PF08448.10,PAS_4,Domain,2,109,110,44.7,1.3e-11,1,CL0183,Bacteria Cyanobacteria
283,A0A2T1G5S3,442,525,440,527,PF08447.12,PAS_3,Domain,3,87,89,49.2,5e-13,1,CL0183,Bacteria Cyanobacteria
284,A0A2T1G5S3,568,635,567,643,PF08447.12,PAS_3,Domain,2,70,89,44.0,2.1e-11,1,CL0183,Bacteria Cyanobacteria
285,A0A2T1G5S3,852,948,852,949,PF00512.25,HisKA,Domain,1,66,67,38.2,1.1e-09,1,CL0025,Bacteria Cyanobacteria
286,A0A2T1G5S3,998,1114,994,1116,PF02518.26,HATPase_c,Domain,5,109,112,71.1,1e-19,1,CL0025,Bacteria Cyanobacteria
287,A0A290Q8J9,193,278,191,279,PF08447.12,PAS_3,Domain,3,88,89,38.3,1.2e-09,1,CL0183,Bacteria Verrucomicrobia
288,A0A290Q8J9,304,408,303,409,PF13426.7,PAS_9,Domain,2,103,104,78.7,3.4e-22,1,CL0183,Bacteria Verrucomicrobia
289,A0A290Q8J9,443,572,439,585,PF01590.26,GAF,Domain,5,120,133,29.4,1e-06,1,CL0161,Bacteria Verrucomicrobia
290,A0A290Q8J9,600,711,599,711,PF00989.25,PAS,Domain,2,113,113,71.4,5.6e-20,1,CL0183,Bacteria Verrucomicrobia
291,A0A290Q8J9,733,831,732,831,PF13426.7,PAS_9,Domain,2,104,104,38.8,8.8e-10,1,CL0183,Bacteria Verrucomicrobia
292,A0A290Q8J9,852,925,852,927,PF07568.12,HisKA_2,Domain,1,74,76,99.8,6.5e-29,1,CL0025,Bacteria Verrucomicrobia
293,A0A290Q8J9,956,1042,950,1046,PF02518.26,HATPase_c,Domain,9,108,112,36.3,6.3e-09,1,CL0025,Bacteria Verrucomicrobia
294,A0A256IHV4,16,111,5,111,PF13426.7,PAS_9,Domain,9,104,104,80.3,1.1e-22,1,CL0183,Archaea Euryarchaeota
295,A0A2S6H3D4,12,76,11,101,PF01627.23,Hpt,Family,2,60,85,31.9,1.2e-07,1,No_clan,Bacteria Proteobacteria
296,A0A2S6H3D4,124,235,124,237,PF00072.24,Response_reg,Domain,1,109,112,48.9,6e-13,1,CL0304,Bacteria Proteobacteria
297,A0A2S6H3D4,251,362,251,363,PF00072.24,Response_reg,Domain,1,111,112,57.8,1.1e-15,1,CL0304,Bacteria Proteobacteria
298,A0A2S6H3D4,409,493,408,494,PF08447.12,PAS_3,Domain,2,88,89,55.5,5.4e-15,1,CL0183,Bacteria Proteobacteria
299,A0A2S6H3D4,529,624,518,624,PF13426.7,PAS_9,Domain,11,104,104,74.7,5.7e-21,1,CL0183,Bacteria Proteobacteria
300,A0A2S6H3D4,660,747,659,747,PF08447.12,PAS_3,Domain,2,89,89,77.1,9.8e-22,1,CL0183,Bacteria Proteobacteria
301,A0A2S6H3D4,770,881,769,881,PF00989.25,PAS,Domain,3,113,113,45.3,7.1e-12,1,CL0183,Bacteria Proteobacteria
302,A0A2S6H3D4,904,970,904,970,PF00512.25,HisKA,Domain,1,67,67,66.3,1.8e-18,1,CL0025,Bacteria Proteobacteria
303,A0A2S6H3D4,1016,1124,1015,1126,PF02518.26,HATPase_c,Domain,2,110,112,96.8,1.1e-27,1,CL0025,Bacteria Proteobacteria
304,A0A2S6H3D4,1154,1266,1154,1267,PF00072.24,Response_reg,Domain,1,111,112,79.2,2.4e-22,1,CL0304,Bacteria Proteobacteria
305,A0A2R6HMM8,33,166,11,166,PF01590.26,GAF,Domain,7,133,133,30.5,4.8e-07,1,CL0161,Archaea Euryarchaeota
306,A0A2R6HMM8,190,297,190,297,PF13426.7,PAS_9,Domain,1,104,104,50.0,2.8e-13,1,CL0183,Archaea Euryarchaeota
307,A0A2R6HMM8,333,417,332,418,PF08447.12,PAS_3,Domain,2,88,89,58.8,4.8e-16,1,CL0183,Archaea Euryarchaeota
308,A0A2R6HMM8,444,547,442,548,PF13426.7,PAS_9,Domain,3,103,104,76.2,2e-21,1,CL0183,Archaea Euryarchaeota
309,A0A2R6HMM8,662,761,660,764,PF02518.26,HATPase_c,Domain,4,109,112,46.6,4e-12,1,CL0025,Archaea Euryarchaeota
310,A0A2E9XPK5,22,165,21,166,PF13185.6,GAF_2,Domain,2,137,138,42.1,9.6e-11,1,CL0161,Bacteria Proteobacteria
311,A0A2E9XPK5,185,292,185,293,PF08448.10,PAS_4,Domain,1,109,110,43.8,2.4e-11,1,CL0183,Bacteria Proteobacteria
312,A0A2E9XPK5,309,414,309,415,PF13426.7,PAS_9,Domain,1,103,104,72.4,3e-20,1,CL0183,Bacteria Proteobacteria
313,A0A2E9XPK5,427,583,427,583,PF00990.21,GGDEF,Domain,1,161,161,135.2,1.6e-39,1,CL0276,Bacteria Proteobacteria
314,A0A2E9XPK5,605,839,603,839,PF00563.20,EAL,Domain,3,238,238,251.1,9.9e-75,1,CL0276,Bacteria Proteobacteria
315,A0A256HF66,18,105,14,116,PF00072.24,Response_reg,Domain,14,102,112,56.9,2e-15,1,CL0304,Archaea Euryarchaeota
316,A0A256HF66,161,256,150,256,PF13426.7,PAS_9,Domain,9,104,104,70.5,1.2e-19,1,CL0183,Archaea Euryarchaeota
317,A0A256HF66,300,435,299,436,PF13185.6,GAF_2,Domain,2,137,138,38.7,1.1e-09,1,CL0161,Archaea Euryarchaeota
318,A0A256HF66,447,599,447,600,PF15915.5,BAT,Domain,1,155,156,110.3,7.7e-32,1,No_clan,Archaea Euryarchaeota
319,A0A256HF66,606,658,606,658,PF04967.12,HTH_10,Domain,1,53,53,73.3,1e-20,1,CL0123,Archaea Euryarchaeota
320,A0A2E2N4X2,17,158,14,158,PF13185.6,GAF_2,Domain,4,137,138,41.2,1.9e-10,1,CL0161,Bacteria Proteobacteria
321,A0A2E2N4X2,181,285,178,286,PF08448.10,PAS_4,Domain,4,109,110,56.2,3.6e-15,1,CL0183,Bacteria Proteobacteria
322,A0A2E2N4X2,302,407,302,408,PF13426.7,PAS_9,Domain,1,103,104,80.9,6.9e-23,1,CL0183,Bacteria Proteobacteria
323,A0A2E2N4X2,420,577,420,577,PF00990.21,GGDEF,Domain,1,161,161,134.6,2.6e-39,1,CL0276,Bacteria Proteobacteria
324,A0A2E2N4X2,598,832,596,832,PF00563.20,EAL,Domain,3,238,238,248.6,5.8e-74,1,CL0276,Bacteria Proteobacteria
325,A0A2E9N872,17,158,14,158,PF13185.6,GAF_2,Domain,4,137,138,41.3,1.7e-10,1,CL0161,Bacteria Chloroflexi
326,A0A2E9N872,181,285,178,286,PF08448.10,PAS_4,Domain,4,109,110,56.4,3.1e-15,1,CL0183,Bacteria Chloroflexi
327,A0A2E9N872,302,407,302,408,PF13426.7,PAS_9,Domain,1,103,104,81.1,6.1e-23,1,CL0183,Bacteria Chloroflexi
328,A0A2E9N872,420,577,420,577,PF00990.21,GGDEF,Domain,1,161,161,134.8,2.2e-39,1,CL0276,Bacteria Chloroflexi
329,A0A2E9N872,598,778,596,779,PF00563.20,EAL,Domain,3,184,238,181.0,2.6e-53,1,CL0276,Bacteria Chloroflexi
330,A0A2R6IVZ2,39,172,33,174,PF13492.6,GAF_3,Domain,7,127,129,28.9,1.2e-06,1,CL0161,Archaea Euryarchaeota
331,A0A2R6IVZ2,197,303,196,303,PF13426.7,PAS_9,Domain,2,104,104,45.2,9e-12,1,CL0183,Archaea Euryarchaeota
332,A0A2R6IVZ2,339,423,338,424,PF08447.12,PAS_3,Domain,2,88,89,61.1,9.1e-17,1,CL0183,Archaea Euryarchaeota
333,A0A2R6IVZ2,451,553,448,554,PF13426.7,PAS_9,Domain,4,103,104,70.4,1.2e-19,1,CL0183,Archaea Euryarchaeota
334,A0A2R6IVZ2,668,769,666,770,PF02518.26,HATPase_c,Domain,4,111,112,46.1,5.8e-12,1,CL0025,Archaea Euryarchaeota
335,A0A2H5A2B3,8,109,8,118,PF00072.24,Response_reg,Domain,1,101,112,61.1,9.9e-17,1,CL0304,Archaea Euryarchaeota
336,A0A2H5A2B3,142,239,141,246,PF08448.10,PAS_4,Domain,2,103,110,32.5,8.1e-08,1,CL0183,Archaea Euryarchaeota
337,A0A2H5A2B3,264,368,262,368,PF13426.7,PAS_9,Domain,3,104,104,79.1,2.5e-22,1,CL0183,Archaea Euryarchaeota
338,A0A2H5A2B3,383,437,382,442,PF00512.25,HisKA,Domain,2,61,67,41.0,1.4e-10,1,CL0025,Archaea Euryarchaeota
339,A0A2H5A2B3,480,576,479,580,PF02518.26,HATPase_c,Domain,2,107,112,36.0,8e-09,1,CL0025,Archaea Euryarchaeota
340,A0A2G1VHK0,10,117,10,124,PF00072.24,Response_reg,Domain,1,105,112,49.2,5e-13,1,CL0304,Bacteria Proteobacteria
341,A0A2G1VHK0,141,194,141,246,PF00989.25,PAS,Domain,1,53,113,30.0,4e-07,1,CL0183,Bacteria Proteobacteria
342,A0A2G1VHK0,269,377,268,377,PF13426.7,PAS_9,Domain,2,104,104,78.8,3.1e-22,1,CL0183,Bacteria Proteobacteria
343,A0A2G1VHK0,390,546,389,546,PF00990.21,GGDEF,Domain,2,161,161,166.1,5.1e-49,1,CL0276,Bacteria Proteobacteria
344,A0A2G1VHK0,566,801,565,801,PF00563.20,EAL,Domain,2,238,238,249.2,3.9e-74,1,CL0276,Bacteria Proteobacteria
345,A0A2G1VHK0,833,942,832,943,PF00072.24,Response_reg,Domain,2,111,112,71.1,7.7e-20,1,CL0304,Bacteria Proteobacteria
346,A0A2D0A5E0,33,136,31,136,PF13426.7,PAS_9,Domain,3,103,104,78.0,5.3e-22,1,CL0183,Bacteria Bacteroidetes
347,A0A2D0A5E0,169,281,168,288,PF00989.25,PAS,Domain,2,113,113,22.6,8.1e-05,1,CL0183,Bacteria Bacteroidetes
348,A0A2D0A5E0,291,358,290,358,PF00512.25,HisKA,Domain,2,67,67,53.3,2.1e-14,1,CL0025,Bacteria Bacteroidetes
349,A0A2D0A5E0,402,510,401,512,PF02518.26,HATPase_c,Domain,2,110,112,97.5,6.6e-28,1,CL0025,Bacteria Bacteroidetes
350,A0A2I8VGZ8,9,113,8,119,PF00072.24,Response_reg,Domain,2,105,112,72.0,4.3e-20,1,CL0304,Archaea Euryarchaeota
351,A0A2I8VGZ8,147,239,146,240,PF13426.7,PAS_9,Domain,2,103,104,45.9,5.5e-12,1,CL0183,Archaea Euryarchaeota
352,A0A2I8VGZ8,270,365,259,365,PF13426.7,PAS_9,Domain,8,104,104,84.0,7.3e-24,1,CL0183,Archaea Euryarchaeota
353,A0A2I8VGZ8,377,477,377,478,PF08448.10,PAS_4,Domain,1,109,110,56.2,3.4e-15,1,CL0183,Archaea Euryarchaeota
354,A0A2I8VGZ8,496,547,491,550,PF00512.25,HisKA,Domain,8,64,67,31.6,1.2e-07,1,CL0025,Archaea Euryarchaeota
355,A0A2I8VGZ8,588,737,587,742,PF02518.26,HATPase_c,Domain,2,106,112,42.9,5.8e-11,1,CL0025,Archaea Euryarchaeota
356,A0A250KTS6,12,111,9,120,PF00989.25,PAS,Domain,4,101,113,38.9,6.8e-10,1,CL0183,Bacteria Proteobacteria
357,A0A250KTS6,137,247,135,248,PF00989.25,PAS,Domain,3,112,113,60.5,1.4e-16,1,CL0183,Bacteria Proteobacteria
358,A0A250KTS6,269,372,269,372,PF13426.7,PAS_9,Domain,1,104,104,74.5,6.7e-21,1,CL0183,Bacteria Proteobacteria
359,A0A250KTS6,402,502,387,502,PF08448.10,PAS_4,Domain,12,110,110,37.9,1.7e-09,1,CL0183,Bacteria Proteobacteria
360,A0A250KTS6,520,624,518,624,PF13426.7,PAS_9,Domain,3,104,104,81.6,4.1e-23,1,CL0183,Bacteria Proteobacteria
361,A0A250KTS6,683,876,679,877,PF07228.12,SpoIIE,Family,6,192,193,167.3,3.7e-49,1,CL0238,Bacteria Proteobacteria
362,A0A256HIR1,16,111,5,111,PF13426.7,PAS_9,Domain,9,104,104,80.3,1.1e-22,1,CL0183,Archaea Euryarchaeota
363,A0A2R6HXJ8,79,183,77,183,PF13426.7,PAS_9,Domain,3,104,104,79.0,2.7e-22,1,CL0183,Archaea Euryarchaeota
364,A0A2R6HXJ8,195,304,195,305,PF08448.10,PAS_4,Domain,1,109,110,56.8,2.3e-15,1,CL0183,Archaea Euryarchaeota
365,A0A2R6HXJ8,321,428,321,429,PF08448.10,PAS_4,Domain,1,109,110,62.1,5.2e-17,1,CL0183,Archaea Euryarchaeota
366,A0A2R6HXJ8,445,552,442,552,PF08448.10,PAS_4,Domain,5,110,110,61.9,5.8e-17,1,CL0183,Archaea Euryarchaeota
367,A0A2R6HXJ8,623,761,622,762,PF13581.6,HATPase_c_2,Domain,3,124,125,45.5,6.5e-12,1,CL0025,Archaea Euryarchaeota
368,A0A2R6MNC9,18,105,14,116,PF00072.24,Response_reg,Domain,14,102,112,46.0,5e-12,1,CL0304,Archaea Euryarchaeota
369,A0A2R6MNC9,161,256,150,256,PF13426.7,PAS_9,Domain,9,104,104,66.1,2.7e-18,1,CL0183,Archaea Euryarchaeota
370,A0A2R6MNC9,307,435,301,436,PF13185.6,GAF_2,Domain,9,137,138,31.1,2.4e-07,1,CL0161,Archaea Euryarchaeota
371,A0A2R6MNC9,447,600,447,600,PF15915.5,BAT,Domain,1,156,156,112.6,1.6e-32,1,No_clan,Archaea Euryarchaeota
372,A0A2R6MNC9,606,658,606,658,PF04967.12,HTH_10,Domain,1,53,53,72.6,1.6e-20,1,CL0123,Archaea Euryarchaeota
373,A0A2T2V0L6,21,150,20,154,PF01590.26,GAF,Domain,2,129,133,28.4,2.2e-06,1,CL0161,Bacteria Bacteroidetes
374,A0A2T2V0L6,182,292,181,292,PF08448.10,PAS_4,Domain,2,110,110,38.0,1.6e-09,1,CL0183,Bacteria Bacteroidetes
375,A0A2T2V0L6,320,417,308,417,PF13426.7,PAS_9,Domain,8,104,104,77.3,8.8e-22,1,CL0183,Bacteria Bacteroidetes
376,A0A2T2V0L6,456,526,452,535,PF08447.12,PAS_3,Domain,5,76,89,34.7,1.7e-08,1,CL0183,Bacteria Bacteroidetes
377,A0A2T2V0L6,563,626,563,627,PF00512.25,HisKA,Domain,1,66,67,60.2,1.5e-16,1,CL0025,Bacteria Bacteroidetes
378,A0A2T2V0L6,679,787,678,789,PF02518.26,HATPase_c,Domain,2,110,112,89.5,2e-25,1,CL0025,Bacteria Bacteroidetes
379,A0A2T5JEL1,30,133,28,134,PF13426.7,PAS_9,Domain,3,103,104,87.8,4.9e-25,1,CL0183,Bacteria Bacteroidetes
380,A0A2T5JEL1,176,283,171,283,PF08448.10,PAS_4,Domain,6,110,110,34.0,2.9e-08,1,CL0183,Bacteria Bacteroidetes
381,A0A2T5JEL1,288,355,287,355,PF00512.25,HisKA,Domain,2,67,67,42.8,3.9e-11,1,CL0025,Bacteria Bacteroidetes
382,A0A2T5JEL1,398,508,398,509,PF02518.26,HATPase_c,Domain,1,111,112,89.8,1.6e-25,1,CL0025,Bacteria Bacteroidetes
383,A0A2D8CZZ1,18,122,17,122,PF13426.7,PAS_9,Domain,2,104,104,38.9,8.2e-10,1,CL0183,Bacteria Bacteroidetes
384,A0A2D8CZZ1,142,247,141,247,PF13426.7,PAS_9,Domain,2,104,104,84.2,6.4e-24,1,CL0183,Bacteria Bacteroidetes
385,A0A2D8CZZ1,268,369,267,369,PF13426.7,PAS_9,Domain,2,104,104,33.3,4.4e-08,1,CL0183,Bacteria Bacteroidetes
386,A0A2D8CZZ1,393,534,392,534,PF01590.26,GAF,Domain,2,133,133,24.5,3.5e-05,1,CL0161,Bacteria Bacteroidetes
387,A0A2D8CZZ1,582,649,581,649,PF00512.25,HisKA,Domain,2,67,67,42.6,4.4e-11,1,CL0025,Bacteria Bacteroidetes
388,A0A2D8CZZ1,695,802,694,804,PF02518.26,HATPase_c,Domain,2,110,112,79.8,2.1e-22,1,CL0025,Bacteria Bacteroidetes
389,A0A285P4Y8,8,42,6,70,PF13188.7,PAS_8,Domain,3,36,67,16.8,0.0051,1,CL0183,Archaea Euryarchaeota
390,A0A285P4Y8,135,239,133,239,PF13426.7,PAS_9,Domain,3,104,104,76.4,1.7e-21,1,CL0183,Archaea Euryarchaeota
391,A0A285P4Y8,255,364,254,364,PF08448.10,PAS_4,Domain,2,110,110,27.0,4.2e-06,1,CL0183,Archaea Euryarchaeota
392,A0A285P4Y8,486,587,483,589,PF02518.26,HATPase_c,Domain,6,110,112,70.8,1.2e-19,1,CL0025,Archaea Euryarchaeota
393,A0A225DTM9,5,114,3,114,PF00989.25,PAS,Domain,3,113,113,54.0,1.5e-14,1,CL0183,Bacteria Planctomycetes
394,A0A225DTM9,154,231,151,236,PF08447.12,PAS_3,Domain,4,83,89,62.3,4e-17,1,CL0183,Bacteria Planctomycetes
395,A0A225DTM9,253,313,253,323,PF13188.7,PAS_8,Domain,1,57,67,37.7,1.4e-09,1,CL0183,Bacteria Planctomycetes
396,A0A225DTM9,386,490,384,490,PF13426.7,PAS_9,Domain,3,104,104,81.8,3.5e-23,1,CL0183,Bacteria Planctomycetes
397,A0A225DTM9,614,734,613,736,PF02518.26,HATPase_c,Domain,2,110,112,67.6,1.2e-18,1,CL0025,Bacteria Planctomycetes
398,A0A225DTM9,758,868,758,870,PF00072.24,Response_reg,Domain,1,110,112,62.2,4.5e-17,1,CL0304,Bacteria Planctomycetes
399,A0A2G8TF68,11,103,9,107,PF13426.7,PAS_9,Domain,3,96,104,16.3,0.0086,1,CL0183,Bacteria Proteobacteria
400,A0A2G8TF68,139,220,132,232,PF13426.7,PAS_9,Domain,9,89,104,21.3,0.00024,1,CL0183,Bacteria Proteobacteria
401,A0A2G8TF68,253,358,252,358,PF13426.7,PAS_9,Domain,2,104,104,66.7,1.8e-18,1,CL0183,Bacteria Proteobacteria
402,A0A2G8TF68,371,525,370,527,PF00990.21,GGDEF,Domain,2,159,161,144.3,2.6e-42,1,CL0276,Bacteria Proteobacteria
403,A0A2G8TF68,549,782,546,782,PF00563.20,EAL,Domain,4,238,238,189.6,6.1e-56,1,CL0276,Bacteria Proteobacteria
404,A0A2T1KTE5,4,117,4,117,PF00072.24,Response_reg,Domain,1,112,112,81.1,6.4e-23,1,CL0304,Bacteria Proteobacteria
405,A0A2T1KTE5,179,318,177,320,PF13185.6,GAF_2,Domain,3,136,138,46.3,4.9e-12,1,CL0161,Bacteria Proteobacteria
406,A0A2T1KTE5,348,453,346,453,PF13426.7,PAS_9,Domain,3,104,104,73.2,1.7e-20,1,CL0183,Bacteria Proteobacteria
407,A0A2T1KTE5,465,621,465,622,PF00990.21,GGDEF,Domain,1,160,161,169.8,3.8e-50,1,CL0276,Bacteria Proteobacteria
408,A0A2T1KTE5,642,877,641,877,PF00563.20,EAL,Domain,2,238,238,266.5,1.9e-79,1,CL0276,Bacteria Proteobacteria
409,A0A2M7CSM7,10,113,10,123,PF00072.24,Response_reg,Domain,1,101,112,52.2,6e-14,1,CL0304,Bacteria Proteobacteria
410,A0A2M7CSM7,144,187,142,206,PF13188.7,PAS_8,Domain,3,44,67,27.2,2.9e-06,1,CL0183,Bacteria Proteobacteria
411,A0A2M7CSM7,269,313,268,330,PF13188.7,PAS_8,Domain,2,45,67,16.5,0.0062,1,CL0183,Bacteria Proteobacteria
412,A0A2M7CSM7,381,486,380,486,PF13426.7,PAS_9,Domain,2,104,104,71.9,4.4e-20,1,CL0183,Bacteria Proteobacteria
413,A0A2M7CSM7,499,656,498,656,PF00990.21,GGDEF,Domain,2,161,161,99.8,1.3e-28,1,CL0276,Bacteria Proteobacteria
414,A0A2M7CSM7,677,910,676,911,PF00563.20,EAL,Domain,3,237,238,244.3,1.2e-72,1,CL0276,Bacteria Proteobacteria
415,A0A2M7CSM7,941,1050,940,1051,PF00072.24,Response_reg,Domain,2,111,112,72.1,3.9e-20,1,CL0304,Bacteria Proteobacteria
416,A0A2N1ZW61,11,87,11,107,PF01627.23,Hpt,Family,1,66,85,33.9,2.7e-08,1,No_clan,Bacteria Proteobacteria
417,A0A2N1ZW61,134,248,132,249,PF00072.24,Response_reg,Domain,3,111,112,52.1,6.1e-14,1,CL0304,Bacteria Proteobacteria
418,A0A2N1ZW61,262,373,262,374,PF00072.24,Response_reg,Domain,1,111,112,74.0,1e-20,1,CL0304,Bacteria Proteobacteria
419,A0A2N1ZW61,420,504,419,505,PF08447.12,PAS_3,Domain,2,88,89,64.8,6.4e-18,1,CL0183,Bacteria Proteobacteria
420,A0A2N1ZW61,531,635,529,635,PF13426.7,PAS_9,Domain,3,104,104,75.3,3.8e-21,1,CL0183,Bacteria Proteobacteria
421,A0A2N1ZW61,654,767,654,768,PF12860.7,PAS_7,Domain,1,114,115,45.3,8.3e-12,1,CL0183,Bacteria Proteobacteria
422,A0A2N1ZW61,798,884,797,884,PF08447.12,PAS_3,Domain,2,89,89,77.0,1.1e-21,1,CL0183,Bacteria Proteobacteria
423,A0A2N1ZW61,916,1020,915,1020,PF13426.7,PAS_9,Domain,2,104,104,49.2,5e-13,1,CL0183,Bacteria Proteobacteria
424,A0A2N1ZW61,1042,1107,1041,1107,PF00512.25,HisKA,Domain,2,67,67,61.6,5.5e-17,1,CL0025,Bacteria Proteobacteria
425,A0A2N1ZW61,1153,1262,1152,1264,PF02518.26,HATPase_c,Domain,2,110,112,94.1,7.4e-27,1,CL0025,Bacteria Proteobacteria
426,A0A2N1ZW61,1292,1402,1292,1405,PF00072.24,Response_reg,Domain,1,109,112,73.4,1.5e-20,1,CL0304,Bacteria Proteobacteria
427,A0A2P7R4D5,37,165,22,166,PF13185.6,GAF_2,Domain,17,137,138,53.1,4e-14,1,CL0161,Bacteria Proteobacteria
428,A0A2P7R4D5,187,293,185,293,PF08448.10,PAS_4,Domain,3,110,110,48.7,7.7e-13,1,CL0183,Bacteria Proteobacteria
429,A0A2P7R4D5,311,414,309,415,PF13426.7,PAS_9,Domain,3,103,104,83.5,1e-23,1,CL0183,Bacteria Proteobacteria
430,A0A2P7R4D5,428,583,427,583,PF00990.21,GGDEF,Domain,2,161,161,155.7,8.1e-46,1,CL0276,Bacteria Proteobacteria
431,A0A2P7R4D5,603,834,602,834,PF00563.20,EAL,Domain,2,238,238,272.3,3.3e-81,1,CL0276,Bacteria Proteobacteria
432,A0A250KUR4,182,287,181,293,PF00989.25,PAS,Domain,2,107,113,42.8,4.3e-11,1,CL0183,Bacteria Proteobacteria
433,A0A250KUR4,331,416,330,417,PF08447.12,PAS_3,Domain,2,88,89,42.4,6.4e-11,1,CL0183,Bacteria Proteobacteria
434,A0A250KUR4,442,547,441,547,PF13426.7,PAS_9,Domain,2,104,104,86.6,1.2e-24,1,CL0183,Bacteria Proteobacteria
435,A0A250KUR4,603,800,601,802,PF07228.12,SpoIIE,Family,3,191,193,155.6,1.4e-45,1,CL0238,Bacteria Proteobacteria
436,A0A256HDW9,199,296,198,296,PF13426.7,PAS_9,Domain,2,104,104,33.6,3.6e-08,1,CL0183,Archaea Euryarchaeota
437,A0A256HDW9,328,421,315,421,PF13426.7,PAS_9,Domain,11,104,104,63.9,1.3e-17,1,CL0183,Archaea Euryarchaeota
438,A0A256HDW9,569,667,557,668,PF08448.10,PAS_4,Domain,11,109,110,29.4,7.6e-07,1,CL0183,Archaea Euryarchaeota
439,A0A256HDW9,686,785,682,786,PF13426.7,PAS_9,Domain,6,103,104,17.7,0.0032,1,CL0183,Archaea Euryarchaeota
440,A0A256HDW9,900,1003,898,1005,PF02518.26,HATPase_c,Domain,3,110,112,40.2,3.9e-10,1,CL0025,Archaea Euryarchaeota
441,A0A256ITL5,18,105,14,116,PF00072.24,Response_reg,Domain,14,102,112,44.7,1.2e-11,1,CL0304,Archaea Euryarchaeota
442,A0A256ITL5,152,256,150,256,PF13426.7,PAS_9,Domain,3,104,104,74.8,5.4e-21,1,CL0183,Archaea Euryarchaeota
443,A0A256ITL5,304,435,299,436,PF13185.6,GAF_2,Domain,6,137,138,33.4,4.9e-08,1,CL0161,Archaea Euryarchaeota
444,A0A256ITL5,447,600,447,600,PF15915.5,BAT,Domain,1,156,156,119.8,9e-35,1,No_clan,Archaea Euryarchaeota
445,A0A256ITL5,606,658,606,658,PF04967.12,HTH_10,Domain,1,53,53,73.1,1.1e-20,1,CL0123,Archaea Euryarchaeota
446,A0A2T1DPZ0,42,147,41,147,PF13426.7,PAS_9,Domain,2,104,104,82.9,1.6e-23,1,CL0183,Bacteria Cyanobacteria
447,A0A2T1DPZ0,160,266,160,271,PF00989.25,PAS,Domain,1,108,113,38.5,9.3e-10,1,CL0183,Bacteria Cyanobacteria
448,A0A2T1DPZ0,293,407,292,408,PF08448.10,PAS_4,Domain,2,109,110,44.7,1.3e-11,1,CL0183,Bacteria Cyanobacteria
449,A0A2T1DPZ0,442,525,440,527,PF08447.12,PAS_3,Domain,3,87,89,49.2,5e-13,1,CL0183,Bacteria Cyanobacteria
450,A0A2T1DPZ0,568,635,567,643,PF08447.12,PAS_3,Domain,2,70,89,44.0,2.1e-11,1,CL0183,Bacteria Cyanobacteria
451,A0A2T1DPZ0,852,948,852,949,PF00512.25,HisKA,Domain,1,66,67,38.2,1.1e-09,1,CL0025,Bacteria Cyanobacteria
452,A0A2T1DPZ0,998,1114,994,1116,PF02518.26,HATPase_c,Domain,5,109,112,71.1,1e-19,1,CL0025,Bacteria Cyanobacteria
453,A0A286GPI6,12,125,12,127,PF08448.10,PAS_4,Domain,1,108,110,23.2,6.3e-05,1,CL0183,Bacteria Proteobacteria
454,A0A286GPI6,152,255,150,256,PF13426.7,PAS_9,Domain,3,103,104,71.9,4.2e-20,1,CL0183,Bacteria Proteobacteria
455,A0A286GPI6,286,393,283,393,PF00989.25,PAS,Domain,4,113,113,42.7,4.6e-11,1,CL0183,Bacteria Proteobacteria
456,A0A286GPI6,418,559,416,559,PF13185.6,GAF_2,Domain,3,138,138,46.1,5.8e-12,1,CL0161,Bacteria Proteobacteria
457,A0A286GPI6,571,728,571,728,PF00990.21,GGDEF,Domain,1,161,161,156.8,3.7e-46,1,CL0276,Bacteria Proteobacteria
458,A0A2G1X1D5,18,105,14,116,PF00072.24,Response_reg,Domain,14,102,112,47.1,2.3e-12,1,CL0304,Archaea Euryarchaeota
459,A0A2G1X1D5,152,256,150,256,PF13426.7,PAS_9,Domain,3,104,104,75.2,4.1e-21,1,CL0183,Archaea Euryarchaeota
460,A0A239RRF9,23,163,17,163,PF13185.6,GAF_2,Domain,7,138,138,41.7,1.3e-10,1,CL0161,Bacteria Proteobacteria
461,A0A239RRF9,186,287,183,290,PF08448.10,PAS_4,Domain,5,107,110,30.0,4.7e-07,1,CL0183,Bacteria Proteobacteria
462,A0A239RRF9,306,411,306,411,PF13426.7,PAS_9,Domain,1,104,104,65.0,6e-18,1,CL0183,Bacteria Proteobacteria
463,A0A239RRF9,424,576,423,576,PF00990.21,GGDEF,Domain,2,161,161,114.0,5.4e-33,1,CL0276,Bacteria Proteobacteria
464,A0A239RRF9,598,832,596,832,PF00563.20,EAL,Domain,3,238,238,229.9,3e-68,1,CL0276,Bacteria Proteobacteria
465,A0A256I590,43,138,32,138,PF13426.7,PAS_9,Domain,9,104,104,81.0,6.2e-23,1,CL0183,Archaea Euryarchaeota
466,A0A2D9LJ40,38,141,34,142,PF08448.10,PAS_4,Domain,5,109,110,37.7,1.9e-09,1,CL0183,Bacteria Proteobacteria
467,A0A2D9LJ40,158,264,158,264,PF13426.7,PAS_9,Domain,1,104,104,79.6,1.7e-22,1,CL0183,Bacteria Proteobacteria
468,A0A2D9LJ40,276,433,276,433,PF00990.21,GGDEF,Domain,1,161,161,140.5,3.9e-41,1,CL0276,Bacteria Proteobacteria
469,A0A2D9LJ40,453,688,452,688,PF00563.20,EAL,Domain,2,238,238,252.6,3.4e-75,1,CL0276,Bacteria Proteobacteria
470,A0A265DYN3,18,95,15,111,PF13426.7,PAS_9,Domain,4,81,104,38.0,1.5e-09,1,CL0183,Bacteria Proteobacteria
471,A0A265DYN3,150,233,147,234,PF08447.12,PAS_3,Domain,4,88,89,43.9,2.1e-11,1,CL0183,Bacteria Proteobacteria
472,A0A265DYN3,258,358,258,359,PF08448.10,PAS_4,Domain,1,109,110,45.7,6.3e-12,1,CL0183,Bacteria Proteobacteria
473,A0A265DYN3,377,481,375,481,PF13426.7,PAS_9,Domain,3,104,104,71.6,5.2e-20,1,CL0183,Bacteria Proteobacteria
474,A0A265DYN3,493,650,493,650,PF00990.21,GGDEF,Domain,1,161,161,159.4,5.8e-47,1,CL0276,Bacteria Proteobacteria
475,A0A265DYN3,670,905,669,905,PF00563.20,EAL,Domain,2,238,238,256.9,1.7e-76,1,CL0276,Bacteria Proteobacteria
476,A0A2A2E9S9,11,118,10,124,PF00072.24,Response_reg,Domain,2,106,112,45.8,5.6e-12,1,CL0304,Bacteria Proteobacteria
477,A0A2A2E9S9,141,190,141,206,PF13188.7,PAS_8,Domain,1,49,67,37.1,2.2e-09,1,CL0183,Bacteria Proteobacteria
478,A0A2A2E9S9,278,351,273,371,PF08448.10,PAS_4,Domain,6,79,110,27.0,4.2e-06,1,CL0183,Bacteria Proteobacteria
479,A0A2A2E9S9,380,485,380,485,PF13426.7,PAS_9,Domain,2,104,104,81.8,3.6e-23,1,CL0183,Bacteria Proteobacteria
480,A0A2A2E9S9,497,654,497,654,PF00990.21,GGDEF,Domain,1,161,161,173.0,3.8e-51,1,CL0276,Bacteria Proteobacteria
481,A0A2A2E9S9,674,908,673,908,PF00563.20,EAL,Domain,2,238,238,259.3,3.1e-77,1,CL0276,Bacteria Proteobacteria
482,A0A2A2E9S9,939,1048,938,1049,PF00072.24,Response_reg,Domain,2,111,112,78.5,4.1e-22,1,CL0304,Bacteria Proteobacteria
483,A0A2H9ULP7,24,166,20,166,PF13185.6,GAF_2,Domain,5,138,138,38.9,9.4e-10,1,CL0161,Bacteria Proteobacteria
484,A0A2H9ULP7,189,289,189,290,PF13426.7,PAS_9,Domain,1,103,104,32.4,8.4e-08,1,CL0183,Bacteria Proteobacteria
485,A0A2H9ULP7,310,414,309,414,PF13426.7,PAS_9,Domain,2,104,104,76.4,1.7e-21,1,CL0183,Bacteria Proteobacteria
486,A0A2H9ULP7,427,582,426,583,PF00990.21,GGDEF,Domain,2,160,161,134.3,3.2e-39,1,CL0276,Bacteria Proteobacteria
487,A0A2H9ULP7,606,840,604,840,PF00563.20,EAL,Domain,3,238,238,247.9,9.5e-74,1,CL0276,Bacteria Proteobacteria
488,A0A252DKD4,174,271,162,271,PF13426.7,PAS_9,Domain,8,104,104,53.7,2e-14,1,CL0183,Bacteria Cyanobacteria
489,A0A252DKD4,335,420,334,420,PF08447.12,PAS_3,Domain,2,89,89,67.5,9.4e-19,1,CL0183,Bacteria Cyanobacteria
490,A0A252DKD4,451,561,451,562,PF08448.10,PAS_4,Domain,1,109,110,53.5,2.5e-14,1,CL0183,Bacteria Cyanobacteria
491,A0A252DKD4,578,686,578,687,PF08448.10,PAS_4,Domain,1,109,110,57.7,1.2e-15,1,CL0183,Bacteria Cyanobacteria
492,A0A252DKD4,704,804,703,804,PF13426.7,PAS_9,Domain,2,104,104,29.9,5.2e-07,1,CL0183,Bacteria Cyanobacteria
493,A0A252DKD4,825,929,823,929,PF13426.7,PAS_9,Domain,3,104,104,64.2,1e-17,1,CL0183,Bacteria Cyanobacteria
494,A0A252DKD4,967,1052,966,1053,PF08447.12,PAS_3,Domain,2,88,89,72.6,2.3e-20,1,CL0183,Bacteria Cyanobacteria
495,A0A252DKD4,1080,1147,1079,1147,PF00512.25,HisKA,Domain,2,67,67,51.5,7.4e-14,1,CL0025,Bacteria Cyanobacteria
496,A0A252DKD4,1193,1301,1192,1302,PF02518.26,HATPase_c,Domain,2,111,112,87.2,1e-24,1,CL0025,Bacteria Cyanobacteria
497,A0A285MUA0,20,123,19,124,PF13426.7,PAS_9,Domain,2,103,104,47.2,2.1e-12,1,CL0183,Bacteria Bacteroidetes
498,A0A285MUA0,145,249,143,249,PF13426.7,PAS_9,Domain,3,104,104,77.0,1.1e-21,1,CL0183,Bacteria Bacteroidetes
499,A0A285MUA0,270,371,269,371,PF13426.7,PAS_9,Domain,2,104,104,28.4,1.5e-06,1,CL0183,Bacteria Bacteroidetes
500,A0A285MUA0,404,471,403,471,PF00512.25,HisKA,Domain,2,67,67,46.9,2.1e-12,1,CL0025,Bacteria Bacteroidetes
501,A0A285MUA0,517,624,516,626,PF02518.26,HATPase_c,Domain,2,110,112,76.0,3.1e-21,1,CL0025,Bacteria Bacteroidetes
502,A0A2T1DCE6,28,155,26,158,PF01590.26,GAF,Domain,3,130,133,32.6,1e-07,1,CL0161,Bacteria Cyanobacteria
503,A0A2T1DCE6,186,291,185,291,PF13426.7,PAS_9,Domain,2,104,104,84.0,7.7e-24,1,CL0183,Bacteria Cyanobacteria
504,A0A2T1DCE6,321,463,321,463,PF01590.26,GAF,Domain,1,133,133,56.8,3.6e-15,1,CL0161,Bacteria Cyanobacteria
505,A0A2T1DCE6,499,563,499,564,PF00512.25,HisKA,Domain,1,66,67,66.4,1.7e-18,1,CL0025,Bacteria Cyanobacteria
506,A0A2T1DCE6,611,727,611,729,PF02518.26,HATPase_c,Domain,1,110,112,111.4,3.2e-32,1,CL0025,Bacteria Cyanobacteria
507,A0A2T1DCE6,753,838,753,873,PF00072.24,Response_reg,Domain,2,85,112,38.9,8.1e-10,1,CL0304,Bacteria Cyanobacteria
508,A0A2T1DCE6,904,1014,904,1016,PF00072.24,Response_reg,Domain,1,110,112,89.1,2.1e-25,1,CL0304,Bacteria Cyanobacteria
509,A0A2T1DCE6,1056,1126,1056,1138,PF01627.23,Hpt,Family,1,75,85,22.9,7.6e-05,1,No_clan,Bacteria Cyanobacteria
510,A0A2R4CBJ3,32,90,31,101,PF13188.7,PAS_8,Domain,2,57,67,28.4,1.2e-06,1,CL0183,Bacteria Proteobacteria
511,A0A2R4CBJ3,169,275,164,276,PF08448.10,PAS_4,Domain,6,109,110,51.8,8e-14,1,CL0183,Bacteria Proteobacteria
512,A0A2R4CBJ3,294,398,292,398,PF13426.7,PAS_9,Domain,3,104,104,70.2,1.5e-19,1,CL0183,Bacteria Proteobacteria
513,A0A2R4CBJ3,411,567,410,567,PF00990.21,GGDEF,Domain,2,161,161,169.7,4.1e-50,1,CL0276,Bacteria Proteobacteria
514,A0A2R4CBJ3,588,822,586,822,PF00563.20,EAL,Domain,3,238,238,250.7,1.3e-74,1,CL0276,Bacteria Proteobacteria
515,A0A2R6LF71,25,163,22,163,PF13185.6,GAF_2,Domain,4,138,138,29.6,7e-07,1,CL0161,Archaea Euryarchaeota
516,A0A2R6LF71,184,296,183,296,PF00989.25,PAS,Domain,2,113,113,44.2,1.6e-11,1,CL0183,Archaea Euryarchaeota
517,A0A2R6LF71,335,419,333,420,PF08447.12,PAS_3,Domain,3,88,89,57.5,1.3e-15,1,CL0183,Archaea Euryarchaeota
518,A0A2R6LF71,454,550,444,551,PF13426.7,PAS_9,Domain,9,103,104,76.4,1.7e-21,1,CL0183,Archaea Euryarchaeota
519,A0A2R6LF71,666,763,663,766,PF02518.26,HATPase_c,Domain,5,109,112,44.1,2.4e-11,1,CL0025,Archaea Euryarchaeota
520,A0A238V716,18,105,14,116,PF00072.24,Response_reg,Domain,14,102,112,44.7,1.2e-11,1,CL0304,Archaea Euryarchaeota
521,A0A238V716,152,256,150,256,PF13426.7,PAS_9,Domain,3,104,104,74.8,5.4e-21,1,CL0183,Archaea Euryarchaeota
522,A0A238V716,304,435,299,436,PF13185.6,GAF_2,Domain,6,137,138,33.4,4.9e-08,1,CL0161,Archaea Euryarchaeota
523,A0A238V716,447,600,447,600,PF15915.5,BAT,Domain,1,156,156,119.8,9e-35,1,No_clan,Archaea Euryarchaeota
524,A0A238V716,606,658,606,658,PF04967.12,HTH_10,Domain,1,53,53,73.1,1.1e-20,1,CL0123,Archaea Euryarchaeota
525,A0A2I8VG70,116,212,109,213,PF08448.10,PAS_4,Domain,7,109,110,32.4,8.7e-08,1,CL0183,Archaea Euryarchaeota
526,A0A2I8VG70,240,335,230,335,PF13426.7,PAS_9,Domain,10,104,104,67.3,1.2e-18,1,CL0183,Archaea Euryarchaeota
527,A0A2I8VG70,350,408,349,410,PF00512.25,HisKA,Domain,2,65,67,42.4,5.2e-11,1,CL0025,Archaea Euryarchaeota
528,A0A2I8VG70,450,569,449,572,PF02518.26,HATPase_c,Domain,2,109,112,58.0,1.2e-15,1,CL0025,Archaea Euryarchaeota
529,A0A2A5CHV0,228,323,217,323,PF13426.7,PAS_9,Domain,9,104,104,70.7,1e-19,1,CL0183,Bacteria Proteobacteria
530,A0A2S5AFH0,107,194,106,195,PF08447.12,PAS_3,Domain,2,88,89,65.9,2.9e-18,1,CL0183,Bacteria Bacteroidetes
531,A0A2S5AFH0,232,328,219,328,PF13426.7,PAS_9,Domain,11,104,104,70.6,1.1e-19,1,CL0183,Bacteria Bacteroidetes
532,A0A2S5AFH0,462,567,459,569,PF02518.26,HATPase_c,Domain,4,109,112,67.0,1.9e-18,1,CL0025,Bacteria Bacteroidetes
533,A0A2T1FL27,1,96,1,96,PF13426.7,PAS_9,Domain,9,104,104,80.4,9.5e-23,1,CL0183,Bacteria Cyanobacteria
534,A0A2T1FL27,119,219,119,219,PF13426.7,PAS_9,Domain,1,104,104,42.6,5.5e-11,1,CL0183,Bacteria Cyanobacteria
535,A0A2T1FL27,390,463,389,476,PF08447.12,PAS_3,Domain,2,75,89,40.6,2.3e-10,1,CL0183,Bacteria Cyanobacteria
536,A0A2T1FL27,526,636,525,638,PF08448.10,PAS_4,Domain,2,108,110,42.8,5e-11,1,CL0183,Bacteria Cyanobacteria
537,A0A2T1FL27,672,756,671,758,PF08447.12,PAS_3,Domain,2,87,89,48.5,7.9e-13,1,CL0183,Bacteria Cyanobacteria
538,A0A2T1FL27,808,903,807,904,PF00512.25,HisKA,Domain,2,66,67,39.9,3.1e-10,1,CL0025,Bacteria Cyanobacteria
539,A0A2T1FL27,953,1073,951,1075,PF02518.26,HATPase_c,Domain,5,110,112,74.7,7.9e-21,1,CL0025,Bacteria Cyanobacteria
540,A0A265UXC0,12,119,8,120,PF00989.25,PAS,Domain,6,112,113,46.1,4.2e-12,1,CL0183,Bacteria Bacteroidetes
541,A0A265UXC0,142,247,141,247,PF13426.7,PAS_9,Domain,2,104,104,85.9,1.9e-24,1,CL0183,Bacteria Bacteroidetes
542,A0A265UXC0,269,370,267,370,PF13426.7,PAS_9,Domain,3,104,104,26.0,8.3e-06,1,CL0183,Bacteria Bacteroidetes
543,A0A265UXC0,403,470,402,470,PF00512.25,HisKA,Domain,2,67,67,48.8,5.1e-13,1,CL0025,Bacteria Bacteroidetes
544,A0A265UXC0,516,624,515,625,PF02518.26,HATPase_c,Domain,2,111,112,82.9,2.3e-23,1,CL0025,Bacteria Bacteroidetes
545,A0A256II67,199,296,198,296,PF13426.7,PAS_9,Domain,2,104,104,33.6,3.6e-08,1,CL0183,Archaea Euryarchaeota
546,A0A256II67,328,421,315,421,PF13426.7,PAS_9,Domain,11,104,104,63.9,1.3e-17,1,CL0183,Archaea Euryarchaeota
547,A0A256II67,569,667,557,668,PF08448.10,PAS_4,Domain,11,109,110,29.4,7.6e-07,1,CL0183,Archaea Euryarchaeota
548,A0A256II67,686,785,682,786,PF13426.7,PAS_9,Domain,6,103,104,17.1,0.0048,1,CL0183,Archaea Euryarchaeota
549,A0A256II67,900,1003,898,1005,PF02518.26,HATPase_c,Domain,3,110,112,40.2,3.9e-10,1,CL0025,Archaea Euryarchaeota
550,A0A2S6G3J0,65,165,21,165,PF13185.6,GAF_2,Domain,43,137,138,31.4,2e-07,1,CL0161,Bacteria Proteobacteria
551,A0A2S6G3J0,185,293,185,293,PF08448.10,PAS_4,Domain,1,110,110,32.2,1e-07,1,CL0183,Bacteria Proteobacteria
552,A0A2S6G3J0,311,414,309,415,PF13426.7,PAS_9,Domain,3,103,104,79.5,1.9e-22,1,CL0183,Bacteria Proteobacteria
553,A0A2S6G3J0,427,584,427,584,PF00990.21,GGDEF,Domain,1,161,161,137.6,3e-40,1,CL0276,Bacteria Proteobacteria
554,A0A2S6G3J0,604,839,603,839,PF00563.20,EAL,Domain,2,238,238,245.9,3.8e-73,1,CL0276,Bacteria Proteobacteria
555,A0A252DP48,175,272,163,272,PF13426.7,PAS_9,Domain,8,104,104,50.9,1.5e-13,1,CL0183,Bacteria Cyanobacteria
556,A0A252DP48,336,421,335,421,PF08447.12,PAS_3,Domain,2,89,89,68.8,3.7e-19,1,CL0183,Bacteria Cyanobacteria
557,A0A252DP48,452,562,452,563,PF08448.10,PAS_4,Domain,1,109,110,54.1,1.6e-14,1,CL0183,Bacteria Cyanobacteria
558,A0A252DP48,579,687,579,688,PF08448.10,PAS_4,Domain,1,109,110,57.7,1.2e-15,1,CL0183,Bacteria Cyanobacteria
559,A0A252DP48,705,805,704,805,PF13426.7,PAS_9,Domain,2,104,104,29.9,5.2e-07,1,CL0183,Bacteria Cyanobacteria
560,A0A252DP48,826,930,824,930,PF13426.7,PAS_9,Domain,3,104,104,64.2,1e-17,1,CL0183,Bacteria Cyanobacteria
561,A0A252DP48,968,1053,967,1054,PF08447.12,PAS_3,Domain,2,88,89,71.2,6.5e-20,1,CL0183,Bacteria Cyanobacteria
562,A0A252DP48,1081,1148,1080,1148,PF00512.25,HisKA,Domain,2,67,67,51.5,7.4e-14,1,CL0025,Bacteria Cyanobacteria
563,A0A252DP48,1194,1302,1193,1303,PF02518.26,HATPase_c,Domain,2,111,112,87.2,1e-24,1,CL0025,Bacteria Cyanobacteria
564,A0A2E0IZC7,8,151,5,151,PF13185.6,GAF_2,Domain,4,138,138,45.0,1.2e-11,1,CL0161,Bacteria Proteobacteria
565,A0A2E0IZC7,170,278,170,278,PF08448.10,PAS_4,Domain,1,110,110,55.2,6.9e-15,1,CL0183,Bacteria Proteobacteria
566,A0A2E0IZC7,297,400,294,400,PF13426.7,PAS_9,Domain,4,104,104,76.4,1.7e-21,1,CL0183,Bacteria Proteobacteria
567,A0A2E0IZC7,412,569,412,569,PF00990.21,GGDEF,Domain,1,161,161,143.6,4.4e-42,1,CL0276,Bacteria Proteobacteria
568,A0A2E0IZC7,589,824,588,824,PF00563.20,EAL,Domain,2,238,238,235.9,4.3e-70,1,CL0276,Bacteria Proteobacteria
569,A0A2T5SNI4,2,69,1,99,PF00989.25,PAS,Domain,8,75,113,29.0,8.3e-07,1,CL0183,Bacteria Proteobacteria
570,A0A2T5SNI4,125,230,124,230,PF13426.7,PAS_9,Domain,2,104,104,74.9,4.9e-21,1,CL0183,Bacteria Proteobacteria
571,A0A2T5SNI4,243,395,242,399,PF00990.21,GGDEF,Domain,2,157,161,164.8,1.3e-48,1,CL0276,Bacteria Proteobacteria
572,A0A2T5SNI4,419,654,418,654,PF00563.20,EAL,Domain,2,238,238,176.7,5.3e-52,1,CL0276,Bacteria Proteobacteria
573,A0A2S8ESS1,13,115,13,115,PF13426.7,PAS_9,Domain,1,104,104,24.6,2.2e-05,1,CL0183,Bacteria Proteobacteria
574,A0A2S8ESS1,158,258,154,260,PF13426.7,PAS_9,Domain,6,97,104,15.2,0.019,1,CL0183,Bacteria Proteobacteria
575,A0A2S8ESS1,328,408,327,413,PF08447.12,PAS_3,Domain,2,83,89,45.7,6.1e-12,1,CL0183,Bacteria Proteobacteria
576,A0A2S8ESS1,455,538,453,540,PF08447.12,PAS_3,Domain,3,87,89,29.2,8.4e-07,1,CL0183,Bacteria Proteobacteria
577,A0A2S8ESS1,564,665,564,666,PF08448.10,PAS_4,Domain,1,109,110,51.6,9.4e-14,1,CL0183,Bacteria Proteobacteria
578,A0A2S8ESS1,693,792,688,792,PF13426.7,PAS_9,Domain,6,104,104,69.8,1.9e-19,1,CL0183,Bacteria Proteobacteria
579,A0A2S8ESS1,828,915,827,916,PF08447.12,PAS_3,Domain,2,88,89,69.0,3.2e-19,1,CL0183,Bacteria Proteobacteria
580,A0A2S8ESS1,939,1000,937,1002,PF00512.25,HisKA,Domain,3,64,67,36.5,3.8e-09,1,CL0025,Bacteria Proteobacteria
581,A0A2S8ESS1,1045,1166,1044,1167,PF02518.26,HATPase_c,Domain,2,111,112,67.7,1.1e-18,1,CL0025,Bacteria Proteobacteria
582,A0A2S8ESS1,1189,1300,1189,1301,PF00072.24,Response_reg,Domain,1,111,112,59.9,2.3e-16,1,CL0304,Bacteria Proteobacteria
583,A0A2E1XWH7,42,138,37,139,PF13426.7,PAS_9,Domain,8,103,104,70.0,1.7e-19,1,CL0183,Bacteria Proteobacteria
584,A0A2E1XWH7,175,261,174,263,PF08447.12,PAS_3,Domain,2,87,89,74.8,4.9e-21,1,CL0183,Bacteria Proteobacteria
585,A0A2E1XWH7,284,348,284,350,PF00512.25,HisKA,Domain,1,65,67,38.7,7.4e-10,1,CL0025,Bacteria Proteobacteria
586,A0A2E1XWH7,392,513,391,514,PF02518.26,HATPase_c,Domain,2,111,112,64.6,1.1e-17,1,CL0025,Bacteria Proteobacteria
587,A0A2E1XWH7,535,645,535,646,PF00072.24,Response_reg,Domain,1,111,112,53.5,2.2e-14,1,CL0304,Bacteria Proteobacteria
588,A0A2D9FL54,655,761,654,761,PF08448.10,PAS_4,Domain,2,109,110,38.1,1.5e-09,1,CL0183,Bacteria Proteobacteria
589,A0A2D9FL54,779,884,778,884,PF13426.7,PAS_9,Domain,2,104,104,77.1,1.1e-21,1,CL0183,Bacteria Proteobacteria
590,A0A2D9FL54,896,1053,896,1053,PF00990.21,GGDEF,Domain,1,161,161,180.5,1.9e-53,1,CL0276,Bacteria Proteobacteria
591,A0A2D9FL54,1073,1307,1072,1307,PF00563.20,EAL,Domain,2,238,238,249.9,2.3e-74,1,CL0276,Bacteria Proteobacteria
592,A0A2G1WUP5,18,105,14,116,PF00072.24,Response_reg,Domain,14,102,112,44.7,1.2e-11,1,CL0304,Archaea Euryarchaeota
593,A0A2G1WUP5,152,256,150,256,PF13426.7,PAS_9,Domain,3,104,104,74.8,5.4e-21,1,CL0183,Archaea Euryarchaeota
594,A0A2G1WUP5,304,435,299,436,PF13185.6,GAF_2,Domain,6,137,138,33.4,4.9e-08,1,CL0161,Archaea Euryarchaeota
595,A0A2G1WUP5,447,600,447,600,PF15915.5,BAT,Domain,1,156,156,119.8,9e-35,1,No_clan,Archaea Euryarchaeota
596,A0A2G1WUP5,606,658,606,658,PF04967.12,HTH_10,Domain,1,53,53,73.1,1.1e-20,1,CL0123,Archaea Euryarchaeota
597,A0A2R6HBP1,234,316,188,318,PF01590.26,GAF,Domain,48,131,133,24.6,3.1e-05,1,CL0161,Archaea Euryarchaeota
598,A0A2R6HBP1,331,443,331,443,PF08448.10,PAS_4,Domain,1,110,110,56.8,2.3e-15,1,CL0183,Archaea Euryarchaeota
599,A0A2R6HBP1,459,565,459,565,PF13426.7,PAS_9,Domain,1,104,104,73.5,1.3e-20,1,CL0183,Archaea Euryarchaeota
600,A0A2R6HBP1,580,638,579,640,PF00512.25,HisKA,Domain,2,65,67,38.2,1.1e-09,1,CL0025,Archaea Euryarchaeota
601,A0A2R6HBP1,679,773,677,775,PF02518.26,HATPase_c,Domain,3,106,112,51.1,1.6e-13,1,CL0025,Archaea Euryarchaeota
602,A0A2T1IYA3,25,166,20,166,PF13185.6,GAF_2,Domain,10,138,138,31.5,1.9e-07,1,CL0161,Bacteria Proteobacteria
603,A0A2T1IYA3,189,292,187,293,PF08448.10,PAS_4,Domain,5,109,110,57.9,1e-15,1,CL0183,Bacteria Proteobacteria
604,A0A2T1IYA3,309,414,309,414,PF13426.7,PAS_9,Domain,1,104,104,79.6,1.7e-22,1,CL0183,Bacteria Proteobacteria
605,A0A2T1IYA3,427,583,426,583,PF00990.21,GGDEF,Domain,2,161,161,136.3,7.8e-40,1,CL0276,Bacteria Proteobacteria
606,A0A2T1IYA3,606,840,604,840,PF00563.20,EAL,Domain,3,238,238,243.7,1.8e-72,1,CL0276,Bacteria Proteobacteria
607,A0A2R6L097,11,116,11,122,PF00072.24,Response_reg,Domain,1,105,112,72.4,3e-20,1,CL0304,Archaea Euryarchaeota
608,A0A2R6L097,150,255,149,255,PF13426.7,PAS_9,Domain,2,104,104,69.6,2.2e-19,1,CL0183,Archaea Euryarchaeota
609,A0A2R6L097,272,381,270,381,PF08448.10,PAS_4,Domain,3,110,110,47.3,2e-12,1,CL0183,Archaea Euryarchaeota
610,A0A2R6L097,404,532,400,532,PF13185.6,GAF_2,Domain,6,138,138,45.8,7.3e-12,1,CL0161,Archaea Euryarchaeota
611,A0A2R6L097,582,741,574,744,PF13185.6,GAF_2,Domain,9,135,138,42.1,1e-10,1,CL0161,Archaea Euryarchaeota
612,A0A2R6L097,759,843,757,871,PF15915.5,BAT,Domain,3,84,156,39.1,6.3e-10,1,No_clan,Archaea Euryarchaeota
613,A0A256K3M5,18,105,14,116,PF00072.24,Response_reg,Domain,14,102,112,44.7,1.2e-11,1,CL0304,Archaea Euryarchaeota
614,A0A256K3M5,152,256,150,256,PF13426.7,PAS_9,Domain,3,104,104,74.8,5.4e-21,1,CL0183,Archaea Euryarchaeota
615,A0A256K3M5,304,435,299,436,PF13185.6,GAF_2,Domain,6,137,138,33.4,4.9e-08,1,CL0161,Archaea Euryarchaeota
616,A0A256K3M5,447,600,447,600,PF15915.5,BAT,Domain,1,156,156,119.8,9e-35,1,No_clan,Archaea Euryarchaeota
617,A0A256K3M5,606,658,606,658,PF04967.12,HTH_10,Domain,1,53,53,73.1,1.1e-20,1,CL0123,Archaea Euryarchaeota
